company,sector,arr,country,state,city,postal_code,address
Cummings-Kshlerin,Public Utilities,511491,United States,TN,Memphis,38119,7 Redwing Place
Halvorson Group,Finance,614666,United States,CA,San Diego,92115,5324 Gerald Alley
"Oberbrunner, Douglas and Beahan",Transportation,973774,United States,UT,Salt Lake City,84125,02916 Merchant Trail
Okuneva Inc,Consumer Services,58433,United States,VA,Arlington,22225,5 Mosinee Plaza
Cassin Inc,Public Utilities,827859,United States,AZ,Phoenix,85015,12217 Orin Place
Jenkins-Kling,Public Utilities,335620,United States,CO,Littleton,80126,93 West Alley
Green Group,Health Care,697064,United States,TX,Dallas,75392,634 Hovde Center
Windler-Will,Technology,489787,United States,NY,New York City,10019,81468 Randy Trail
Kuhic-Bode,Consumer Services,903340,United States,OH,Cleveland,44185,91652 Warrior Junction
Dare Inc,Finance,261284,United States,PA,Harrisburg,17121,2224 Mitchell Park
Adams and Sons,n/a,79903,United States,KS,Shawnee Mission,66225,19 Stuart Hill
Boyer and Sons,n/a,80347,United States,AL,Mobile,36628,1908 Union Road
Cormier-Kunde,Capital Goods,681844,United States,TX,Dallas,75392,0233 Brickson Park Junction
Ondricka-Jacobson,Capital Goods,201809,United States,CO,Colorado Springs,80920,4193 Kennedy Way
Hermiston and Sons,Health Care,633723,United States,MD,Gaithersburg,20883,4 Hollow Ridge Place
Bradtke-Bins,Basic Industries,143346,United States,FL,Orlando,32891,6617 Oak Trail
"Crona, Smith and Jerde",Finance,442977,United States,PA,Johnstown,15906,917 Lotheville Park
Rosenbaum Inc,Finance,759686,United States,MI,Midland,48670,85 Carpenter Way
Bauch Inc,Finance,979269,United States,NY,Jamaica,11447,70 Independence Road
Witting LLC,n/a,994078,United States,OK,Oklahoma City,73173,20 Sycamore Alley
Wehner Group,Finance,335584,United States,OR,Portland,97296,8 Boyd Crossing
Ledner-Wintheiser,Technology,945133,United States,NE,Lincoln,68531,35 Sugar Pass
Smith Inc,Technology,615313,United States,MI,Detroit,48217,60091 Maywood Court
"Schuster, Hoeger and Streich",n/a,301578,United States,GA,Atlanta,31196,459 Mcguire Junction
"Tremblay, Haley and Stark",Basic Industries,841378,United States,CA,Los Angeles,90020,0644 Northridge Plaza
Oberbrunner-Leffler,Transportation,238618,United States,MN,Saint Paul,55114,4 Schmedeman Street
Collier-Pfeffer,n/a,281105,United States,IL,Peoria,61651,52498 Iowa Street
"Olson, Wisozk and Brekke",Health Care,955788,United States,NY,Flushing,11388,64 Hansons Plaza
Beer-Feest,Energy,340140,United States,TX,Lubbock,79410,22 Bunker Hill Plaza
"D'Amore, Pfeffer and Boyer",n/a,36485,United States,NY,New York City,10009,8 Rutledge Road
Schuster-Carroll,Consumer Non-Durables,47856,United States,GA,Lawrenceville,30045,215 Jay Alley
"O'Connell, Bosco and Yost",Health Care,169017,United States,PA,Erie,16505,415 Mcbride Terrace
"Rath, Schinner and Gerlach",Basic Industries,802911,United States,UT,Sandy,84093,7 Rigney Alley
McCullough-Feil,Capital Goods,25363,United States,AZ,Tucson,85720,0 West Way
"Johnson, Leuschke and Homenick",Miscellaneous,267784,United States,CA,Burbank,91520,8 Mayer Junction
Leffler Inc,Consumer Services,664727,United States,CA,North Hollywood,91606,0156 Toban Pass
Block-McCullough,Finance,301989,United States,TN,Memphis,38197,19680 Emmet Hill
Witting Inc,Technology,497173,United States,VA,Portsmouth,23705,28 Emmet Circle
Gerhold Inc,n/a,236463,United States,DC,Washington,20078,42 Milwaukee Crossing
Klocko-Nolan,Consumer Durables,785927,United States,IL,Chicago,60646,780 Del Sol Point
Bartoletti-Fisher,Energy,932669,United States,TX,Fort Worth,76129,3 Arkansas Avenue
"Turner, Deckow and Rice",Finance,110756,United States,FL,Tampa,33680,89 Del Mar Alley
Carroll Group,n/a,62020,United States,KS,Shawnee Mission,66225,6 Gale Road
Bernier-Cummings,Technology,442655,United States,MI,Ann Arbor,48107,065 Lerdahl Place
Hodkiewicz-Monahan,Public Utilities,547519,United States,LA,New Orleans,70116,221 Bultman Point
Rosenbaum Group,Consumer Services,201368,United States,MN,Saint Paul,55108,7693 American Ash Place
Hand-Jast,Health Care,402176,United States,TX,San Antonio,78250,8572 3rd Parkway
Hegmann-Cormier,Energy,279163,United States,AL,Birmingham,35220,8 Union Street
Wisoky Inc,Consumer Services,541160,United States,MA,Newton,02162,385 Di Loreto Center
"Pfeffer, Armstrong and Bayer",Consumer Durables,251294,United States,TX,El Paso,79945,5635 Esker Crossing
"Hane, Kuhic and Abshire",Finance,910174,United States,AL,Mobile,36605,52989 Grim Pass
Hartmann Group,n/a,603136,United States,CA,Escondido,92030,4 Loomis Crossing
"Okuneva, McCullough and DuBuque",Finance,362282,United States,CT,Stamford,06912,5452 Barnett Terrace
"Jenkins, Ondricka and Carter",n/a,970456,United States,FL,Clearwater,34629,07969 Lerdahl Terrace
Jones-Feest,Finance,665252,United States,DC,Washington,20525,740 Macpherson Terrace
"Dickinson, Huel and Schuster",n/a,238795,United States,FL,Seminole,34642,819 Esker Road
Rodriguez Inc,Health Care,692733,United States,LA,Baton Rouge,70805,6 Magdeline Place
Jaskolski-Vandervort,Transportation,349530,United States,NC,Charlotte,28278,28 Linden Parkway
"Romaguera, Hyatt and Upton",Health Care,215513,United States,CA,San Diego,92165,20156 Vermont Pass
Towne Group,Consumer Non-Durables,377223,United States,WV,Charleston,25321,99 Lakewood Gardens Trail
"Johnson, Waters and Smith",Health Care,209825,United States,IA,Cedar Rapids,52405,0819 Messerschmidt Plaza
Rosenbaum LLC,Basic Industries,468608,United States,TX,Gatesville,76598,820 Waubesa Hill
Brown LLC,Energy,971051,United States,KS,Shawnee Mission,66205,6 Portage Junction
Rippin Inc,Capital Goods,807815,United States,GA,Savannah,31422,180 Anderson Road
"Hills, Stoltenberg and Ryan",Technology,75382,United States,FL,Saint Petersburg,33737,232 Mockingbird Pass
Sanford LLC,Finance,67625,United States,FL,Miami,33124,807 Moulton Place
"Bayer, Crona and Ruecker",Technology,357810,United States,KY,Lexington,40596,4204 Morningstar Way
Turner Inc,Finance,905051,United States,DE,Wilmington,19886,6 Gerald Crossing
Schmeler LLC,Consumer Services,802420,United States,TX,Irving,75037,63 La Follette Court
Pouros-Braun,Miscellaneous,365732,United States,CO,Denver,80223,9513 Coolidge Way
"Stroman, Mann and Lemke",Consumer Services,737694,United States,VA,Arlington,22244,52 Dorton Plaza
Runte Group,Basic Industries,87914,United States,TX,Houston,77065,0336 Di Loreto Center
Dare and Sons,Health Care,325720,United States,OK,Tulsa,74193,39 Hauk Drive
Kuphal Inc,n/a,298723,United States,LA,Monroe,71213,4224 Coleman Plaza
Walker LLC,Health Care,290358,United States,NY,White Plains,10633,4279 Haas Drive
Roob-Pacocha,n/a,951040,United States,IL,Springfield,62794,28 Kropf Hill
Heidenreich and Sons,Consumer Services,916294,United States,CO,Fort Collins,80525,23 Cherokee Plaza
"Wunsch, Corkery and Hettinger",Consumer Services,888118,United States,CA,Pasadena,91109,8 Ridgeview Park
Fahey-Kilback,Finance,495223,United States,TN,Chattanooga,37416,27753 Londonderry Point
Renner-Kutch,n/a,917377,United States,NE,Omaha,68179,766 Boyd Trail
Donnelly LLC,n/a,375933,United States,VA,Virginia Beach,23471,814 Heath Hill
Ledner LLC,Energy,407758,United States,LA,New Orleans,70124,81 Buell Avenue
Nolan-Hane,Basic Industries,264758,United States,SC,Columbia,29220,029 Thackeray Place
Hoppe Inc,n/a,109854,United States,LA,New Orleans,70129,55471 Clyde Gallagher Trail
Mitchell-Rohan,Consumer Durables,850928,United States,OK,Oklahoma City,73197,70979 Bartillon Park
Wiegand and Sons,n/a,953997,United States,TN,Memphis,38181,0 Kensington Avenue
Lesch Group,Health Care,625994,United States,NY,New Hyde Park,11044,6294 Messerschmidt Hill
Beatty-Satterfield,n/a,648076,United States,OK,Oklahoma City,73157,89 Dunning Point
"McDermott, Terry and Kshlerin",Finance,360592,United States,IL,Springfield,62764,6 Cordelia Alley
Bartell-Kutch,Energy,56113,United States,FL,Miami,33283,1 Raven Terrace
Goodwin LLC,Health Care,598425,United States,IN,Evansville,47732,251 Eastlawn Parkway
Schoen Group,Public Utilities,766528,United States,FL,Seminole,34642,23042 Mosinee Point
Haag LLC,Capital Goods,903780,United States,AZ,Tucson,85710,3 Ludington Center
Boyle-Lesch,Finance,710547,United States,PA,Pittsburgh,15240,803 Spenser Trail
"Terry, Kessler and Keebler",Energy,863802,United States,NH,Portsmouth,03804,80343 Jenna Point
Rau-Keebler,Public Utilities,402278,United States,NY,Rochester,14652,718 Northridge Plaza
"Monahan, Haley and Considine",n/a,877308,United States,IL,Rockford,61105,6 Birchwood Parkway
Botsford-Kuvalis,Consumer Services,514547,United States,FL,Lehigh Acres,33972,8654 Mayfield Center
Williamson-Kshlerin,Technology,487318,United States,KS,Wichita,67260,4 Chinook Trail
McGlynn and Sons,Capital Goods,903027,United States,HI,Honolulu,96840,53862 Sunnyside Alley
Robel LLC,Technology,359835,United States,FL,Palm Bay,32909,33578 Hagan Crossing
"Kreiger, Schoen and Schultz",Finance,8997,United States,NY,New York City,10099,94 Loftsgordon Point
"Maggio, Schimmel and Tillman",Transportation,213445,United States,TX,Amarillo,79105,5 Westend Avenue
"Gerlach, Bednar and McGlynn",Consumer Services,384934,United States,OH,Cleveland,44185,23175 Brickson Park Street
Kuhn-Wisozk,Finance,205905,United States,AZ,Tucson,85743,9029 Utah Avenue
Berge and Sons,Consumer Services,119524,United States,NY,Port Washington,11054,28 Eastlawn Alley
Mertz-Kiehn,Energy,794341,United States,AK,Fairbanks,99790,231 International Road
Moen-Keebler,Finance,900217,United States,CT,Fairfield,06825,4851 Harbort Hill
"O'Reilly, Goodwin and Schulist",Consumer Services,738935,United States,AL,Gadsden,35905,741 Stone Corner Trail
"Fritsch, Gulgowski and Ritchie",Finance,787151,United States,TX,El Paso,79999,5 Green Ridge Place
Raynor-Heathcote,n/a,221070,United States,OK,Oklahoma City,73104,96496 Mcguire Drive
Gulgowski Inc,Energy,576878,United States,DC,Washington,20409,940 Carpenter Street
"Hills, Pfeffer and Schultz",Finance,613129,United States,CA,Brea,92822,3 Talisman Plaza
Lakin-Nikolaus,Finance,646625,United States,NY,Buffalo,14269,80 Rutledge Hill
Romaguera Inc,n/a,728042,United States,PA,Harrisburg,17121,3339 Pierstorff Drive
Flatley Group,Health Care,204681,United States,MI,Lansing,48956,0 Lake View Parkway
Sanford Inc,Consumer Services,800186,United States,VA,Newport News,23605,77340 Stoughton Park
Nicolas-Heathcote,Public Utilities,857796,United States,CA,Sacramento,94291,84 Esch Terrace
"Tremblay, Buckridge and Sporer",n/a,623823,United States,NC,Charlotte,28278,387 Talmadge Park
Jaskolski Group,Finance,198456,United States,CA,San Bernardino,92415,4 Eagle Crest Center
Aufderhar Inc,n/a,281256,United States,FL,Pompano Beach,33064,733 Prairie Rose Road
Johnston and Sons,Finance,788978,United States,IA,Des Moines,50347,21501 Lakewood Gardens Pass
Ruecker-Lindgren,n/a,392126,United States,CO,Denver,80249,88 Charing Cross Center
Goyette and Sons,Capital Goods,216830,United States,FL,Fort Lauderdale,33330,72 Judy Court
"Parker, Hyatt and Rohan",n/a,818173,United States,LA,Metairie,70033,0 Kingsford Avenue
Olson and Sons,Technology,596220,United States,MD,Ridgely,21684,1615 Schurz Avenue
Nikolaus-Tillman,Health Care,143914,United States,AL,Birmingham,35220,16469 Mendota Road
Breitenberg-Bosco,Consumer Durables,796465,United States,CO,Colorado Springs,80930,4 Vahlen Court
"Beahan, O'Conner and Howe",Technology,319634,United States,OH,Cincinnati,45233,75 Basil Circle
Halvorson-Osinski,Consumer Services,268328,United States,TX,Temple,76505,310 Susan Road
Hartmann Group,Technology,39329,United States,CA,Los Angeles,90005,6 Wayridge Place
Klocko and Sons,Consumer Non-Durables,623963,United States,IN,South Bend,46620,3565 Susan Junction
"McKenzie, Bergnaum and Hermann",Consumer Services,832843,United States,TN,Chattanooga,37450,2869 Waubesa Road
Rempel-Nader,Public Utilities,468653,United States,CA,Sacramento,94297,881 Cardinal Way
Oberbrunner-Walter,Consumer Services,566987,United States,TX,Houston,77299,6570 Lakewood Gardens Court
Rogahn-Roob,Technology,592427,United States,FL,Miami,33180,4 Canary Park
Kreiger-Hoeger,Finance,217787,United States,AZ,Phoenix,85020,1293 Morning Circle
"Berge, Murphy and Predovic",Technology,726949,United States,IL,Palatine,60078,30685 Steensland Crossing
Bechtelar Group,Finance,349722,United States,NY,Rochester,14619,650 Charing Cross Lane
"Balistreri, Herman and Ernser",Public Utilities,208744,United States,DC,Washington,20430,0 Gale Plaza
Funk-Effertz,Energy,352541,United States,TX,Odessa,79764,652 Judy Park
Moore LLC,Consumer Services,824656,United States,WV,Huntington,25721,86 Macpherson Parkway
Rippin LLC,Consumer Services,582793,United States,NJ,Trenton,08695,83 Prentice Place
Abshire-Zemlak,Capital Goods,291081,United States,NY,Bronx,10474,076 Old Shore Center
Hoppe and Sons,Public Utilities,495858,United States,CA,Los Angeles,90045,00486 Columbus Court
Witting-Collins,Consumer Services,570734,United States,AZ,Chandler,85246,411 Saint Paul Court
"Collins, Upton and Moen",n/a,200776,United States,AR,Little Rock,72209,74750 Fremont Circle
"Botsford, Volkman and MacGyver",Public Utilities,459972,United States,PA,Philadelphia,19125,2247 Pine View Court
McClure-Hayes,Technology,449207,United States,IN,Indianapolis,46247,2 Declaration Avenue
Christiansen-Goldner,Consumer Services,749665,United States,PA,Scranton,18505,01 Mcbride Center
"Schmitt, Nitzsche and Gusikowski",n/a,236539,United States,KY,Lexington,40524,08 Dovetail Junction
Gibson-Hand,Finance,849105,United States,CA,Santa Ana,92705,474 Melby Street
"Stroman, Howell and Nikolaus",Technology,396231,United States,TX,Arlington,76096,68427 Esch Parkway
Koepp LLC,n/a,198803,United States,NY,Rochester,14619,4840 Walton Trail
"Reichert, Keebler and Corwin",Capital Goods,403119,United States,CA,San Jose,95173,484 Maryland Alley
"Homenick, Kunde and Turner",Energy,762223,United States,NC,Greensboro,27404,58568 Mandrake Place
"Denesik, Macejkovic and Reichert",n/a,583570,United States,MS,Biloxi,39534,446 Moulton Pass
"Wilderman, Morar and Streich",n/a,868406,United States,IA,Des Moines,50393,7 Lerdahl Plaza
"Reinger, Franecki and Schoen",n/a,750103,United States,WA,Seattle,98166,57 7th Street
Dach-Cartwright,Consumer Durables,520316,United States,IN,Fort Wayne,46857,45 Shasta Terrace
Lind-Huels,Energy,946639,United States,MI,Warren,48092,0 Roth Pass
Schiller-Abernathy,Technology,678997,United States,CA,San Francisco,94132,0 Corben Lane
Rolfson LLC,Transportation,416888,United States,MD,Silver Spring,20910,8639 Nova Pass
"White, Quitzon and Gislason",Health Care,296642,United States,IN,Anderson,46015,0651 Autumn Leaf Crossing
"Macejkovic, Brown and Rath",Consumer Services,384853,United States,WV,Charleston,25389,3 Green Ridge Point
Frami and Sons,Technology,795508,United States,IL,Champaign,61825,933 Veith Junction
"Littel, Fadel and Rempel",Public Utilities,254092,United States,HI,Honolulu,96835,08 Quincy Lane
"Hettinger, Olson and Nikolaus",n/a,148829,United States,TN,Memphis,38161,2 Bluejay Lane
Miller LLC,Consumer Services,62466,United States,NY,New York City,10014,92 Southridge Trail
"Nicolas, White and Gerlach",Health Care,811020,United States,FL,West Palm Beach,33416,887 Menomonie Alley
Bins Group,Consumer Services,592709,United States,TX,Houston,77090,850 7th Trail
"Harvey, Bogisich and Schumm",n/a,529690,United States,LA,Metairie,70033,4 Gulseth Parkway
Ritchie and Sons,Capital Goods,45586,United States,GA,Augusta,30911,9576 Homewood Junction
"Brakus, Quigley and West",n/a,957795,United States,UT,Salt Lake City,84130,7940 Lien Park
"Bergnaum, Barton and McDermott",Technology,506697,United States,CT,Hartford,06145,77 Texas Point
Balistreri and Sons,Technology,466316,United States,TX,Denton,76210,541 Grover Plaza
Morissette Group,Consumer Services,341744,United States,TX,Dallas,75231,49984 Pankratz Hill
Reynolds Inc,Public Utilities,677400,United States,ID,Boise,83711,547 Alpine Road
Schulist-Okuneva,Energy,857977,United States,TN,Jackson,38308,0143 Charing Cross Street
"Koch, Sawayn and Kohler",Technology,623900,United States,AL,Birmingham,35210,91 Artisan Trail
"Gleichner, Hamill and MacGyver",Health Care,300918,United States,NY,Bronx,10474,7028 Di Loreto Place
Heller-Schmidt,Technology,25965,United States,TX,El Paso,79950,065 Mcguire Park
Barton and Sons,Consumer Services,711380,United States,AL,Mobile,36670,63 Park Meadow Circle
Littel LLC,Technology,968270,United States,NY,Albany,12237,0 Spaight Hill
"Corwin, Prosacco and Padberg",Finance,193948,United States,CA,Anaheim,92805,291 Logan Street
Keebler-Upton,Consumer Services,199793,United States,MD,Bowie,20719,73 Bowman Plaza
Fritsch and Sons,Consumer Services,367224,United States,FL,Boca Raton,33487,472 Old Gate Center
Sanford-Gutkowski,n/a,167651,United States,NC,Asheville,28805,3731 Parkside Trail
Goldner-Jakubowski,Energy,331336,United States,KY,Lexington,40510,8521 Oriole Parkway
Russel and Sons,Consumer Services,447663,United States,VA,Richmond,23293,808 Amoth Park
Leffler LLC,n/a,18668,United States,NY,New York City,10029,84 Sage Parkway
"Haley, Hyatt and Kerluke",Miscellaneous,268677,United States,PA,Erie,16510,8 Dunning Street
"Reichel, Paucek and Daugherty",Finance,958780,United States,NY,Elmira,14905,9 Old Gate Road
"Murray, Boehm and Dach",Finance,196245,United States,TX,El Paso,88553,001 Cordelia Alley
Dooley and Sons,n/a,349048,United States,HI,Honolulu,96850,8434 Walton Terrace
"Donnelly, Harvey and Emard",Finance,125114,United States,FL,Bradenton,34205,8 Pine View Place
"Bayer, Zboncak and Reichel",Capital Goods,523553,United States,CA,Sacramento,95833,752 Oak Valley Pass
Rogahn and Sons,Finance,991683,United States,TX,Houston,77085,44 Haas Way
Donnelly-Zulauf,n/a,6480,United States,DC,Washington,20299,1 Havey Circle
Leannon and Sons,n/a,495541,United States,TX,Corpus Christi,78410,972 Forster Street
"Crooks, Abshire and Pagac",Technology,994996,United States,OH,Columbus,43210,39466 Rusk Circle
Prosacco-Spencer,n/a,781682,United States,AL,Tuscaloosa,35405,9 Farragut Trail
Crist Inc,n/a,791502,United States,CO,Colorado Springs,80920,4185 Garrison Court
Hoppe and Sons,n/a,590412,United States,NC,Charlotte,28230,43 Northwestern Street
Mohr-O'Hara,Health Care,285620,United States,OR,Eugene,97405,17653 Logan Pass
D'Amore Group,Energy,626270,United States,TX,Fort Worth,76178,78 Moland Parkway
"Bailey, Robel and Jakubowski",Consumer Services,594421,United States,NY,Albany,12222,87625 Victoria Way
Huels LLC,Health Care,516538,United States,CA,Los Angeles,90087,7 Hanover Street
Bashirian-Hand,n/a,980268,United States,TX,El Paso,79916,5 Sycamore Avenue
Fahey and Sons,Basic Industries,601567,United States,CA,San Francisco,94121,2 Ludington Junction
McDermott LLC,Consumer Services,552206,United States,MN,Saint Cloud,56398,385 Garrison Crossing
Lemke-Zieme,Technology,995293,United States,IN,Gary,46406,20 Anhalt Alley
Bergnaum LLC,n/a,413769,United States,MN,Young America,55564,5 Graceland Trail
"Rogahn, Cartwright and Buckridge",Finance,209084,United States,NY,New York City,10249,83 Thompson Junction
"Boehm, Kuhic and Brekke",Technology,975515,United States,CA,Concord,94522,29 Rusk Center
"Kunze, Farrell and Bartell",Capital Goods,51033,United States,NY,Albany,12210,3 Almo Road
Jerde and Sons,Finance,321045,United States,HI,Honolulu,96825,3892 Loftsgordon Junction
Zboncak Group,Consumer Non-Durables,851129,United States,UT,Ogden,84409,5943 3rd Crossing
"Leuschke, Emard and Dach",Technology,485351,United States,CA,Fresno,93786,448 Northfield Park
"Veum, Rice and Oberbrunner",n/a,978469,United States,MS,Jackson,39204,11817 Swallow Place
O'Kon-Reichert,n/a,601665,United States,DC,Washington,20238,9 Cottonwood Circle
"Auer, Fay and Nolan",Technology,499018,United States,NH,Portsmouth,03804,6 Corscot Center
"Harber, Muller and Russel",Finance,864052,United States,TX,San Antonio,78260,0388 Maryland Terrace
"Rodriguez, Bartoletti and Wyman",Technology,428997,United States,OH,Columbus,43204,4579 Chive Place
Fritsch-Cassin,Basic Industries,750513,United States,MN,Young America,55557,7461 Sheridan Avenue
Trantow LLC,Consumer Services,632129,United States,MN,Maple Plain,55579,11 High Crossing Junction
Pacocha-Okuneva,n/a,649584,United States,CA,Northridge,91328,90547 Colorado Junction
Parisian Inc,Consumer Durables,425932,United States,CA,Torrance,90505,1391 Heffernan Point
Doyle-Cummerata,Consumer Durables,911069,United States,CO,Denver,80209,5 Darwin Pass
Mraz and Sons,Consumer Services,711522,United States,WA,Lakewood,98498,31 Granby Circle
"Nikolaus, Carroll and Connelly",Health Care,914627,United States,TX,Abilene,79699,440 Pierstorff Park
McLaughlin and Sons,n/a,662640,United States,WA,Spokane,99215,91715 Carioca Court
"Sporer, Anderson and Kuhlman",Consumer Non-Durables,925174,United States,NM,Albuquerque,87180,61727 Merrick Lane
"Volkman, Stark and Stracke",Miscellaneous,332542,United States,FL,West Palm Beach,33416,969 Debs Crossing
"Herzog, Bartoletti and Bailey",n/a,273122,United States,VA,Charlottesville,22903,87196 Killdeer Lane
Aufderhar-Langosh,Consumer Services,257223,United States,WI,Racine,53405,428 Milwaukee Circle
"Lockman, Cruickshank and Pouros",Finance,658006,United States,OH,Cincinnati,45218,8 Stoughton Circle
Buckridge-Walsh,Technology,629126,United States,TN,Knoxville,37924,9 Forest Alley
Cassin-Aufderhar,Consumer Non-Durables,632712,United States,NY,Port Washington,11054,33 Arkansas Avenue
"Weissnat, Kunde and Wilkinson",Technology,482143,United States,DC,Washington,20392,961 Shasta Crossing
Botsford-Yundt,Finance,802808,United States,AK,Juneau,99812,2809 Mosinee Road
Streich and Sons,Basic Industries,141693,United States,KY,Louisville,40280,04 Gerald Drive
Hickle-Hammes,Energy,712670,United States,IL,Champaign,61825,70 Tennyson Street
Luettgen-Homenick,Health Care,352099,United States,GA,Atlanta,30306,423 Spaight Avenue
Collins Group,Consumer Services,255391,United States,FL,Fort Lauderdale,33336,8 Springs Terrace
Pouros-Stoltenberg,n/a,214910,United States,MN,Saint Paul,55188,9 Swallow Road
McDermott-Gutkowski,n/a,100102,United States,NY,Albany,12205,67828 Vermont Court
Bogisich Group,Health Care,249678,United States,OR,Portland,97229,618 Cody Alley
Wilderman Group,n/a,58608,United States,NV,Las Vegas,89105,5098 Scott Street
Kuvalis-Effertz,Consumer Services,211235,United States,VA,Newport News,23612,23537 Maple Street
Lang LLC,Consumer Services,491850,United States,TX,Conroe,77305,109 Kropf Center
Waelchi Group,Consumer Services,699130,United States,NC,Fayetteville,28314,20 Westport Pass
"Tremblay, Cruickshank and Keeling",Consumer Services,432945,United States,PA,Pittsburgh,15235,7 West Parkway
"Howe, Kuhn and Bednar",Energy,614168,United States,AZ,Tucson,85743,2 Steensland Circle
Okuneva Inc,Finance,241504,United States,WV,Morgantown,26505,433 Melrose Park
"Kunde, Rowe and Huel",Finance,897000,United States,FL,Jacksonville,32215,24453 Knutson Hill
Lebsack-Aufderhar,Consumer Services,635320,United States,TX,Houston,77015,8 Kinsman Terrace
O'Kon LLC,Finance,806408,United States,CA,San Jose,95194,20 Brown Alley
Kessler-Satterfield,Finance,723426,United States,WA,Spokane,99220,0 Oriole Lane
"Cronin, Moen and Williamson",Public Utilities,78641,United States,TN,Nashville,37250,7 Gulseth Trail
Skiles Inc,Technology,580648,United States,NY,Jamaica,11447,5 Red Cloud Circle
Okuneva-O'Keefe,Consumer Services,32813,United States,DC,Washington,20051,3 Northland Junction
"Gutmann, Kunde and Konopelski",Finance,331760,United States,CA,Los Angeles,90025,76119 Parkside Parkway
"Labadie, Buckridge and Gutmann",Consumer Services,389920,United States,IL,Springfield,62764,7 Darwin Lane
Altenwerth LLC,Consumer Services,579076,United States,MO,Saint Louis,63104,67 Mifflin Place
Ondricka-Dibbert,Consumer Durables,905746,United States,KY,Louisville,40266,0 Cordelia Parkway
"Corkery, Bauch and Greenholt",Health Care,855159,United States,NC,Raleigh,27626,92331 Nancy Street
"O'Connell, Nitzsche and McDermott",Transportation,227321,United States,DE,Wilmington,19892,58 Meadow Ridge Court
"Kuvalis, Cole and Lindgren",n/a,217347,United States,MO,Saint Louis,63180,36 Clemons Street
"Walker, Stark and Labadie",Public Utilities,972099,United States,OH,Columbus,43284,4 Spenser Place
Marks-Rogahn,Health Care,765930,United States,DE,Wilmington,19810,62 Farwell Crossing
"Mante, Miller and VonRueden",Technology,958979,United States,CA,North Hollywood,91616,04 Mosinee Park
"Swift, Haley and Morar",n/a,882367,United States,NY,Albany,12232,2643 Birchwood Center
"Ratke, Thiel and Haley",Public Utilities,309558,United States,LA,Monroe,71213,59 Hanson Hill
Leffler-Dicki,n/a,405819,United States,LA,Baton Rouge,70820,05 Roth Alley
Green Inc,Miscellaneous,7869,United States,SD,Sioux Falls,57193,81229 Portage Avenue
Schmidt-Gutkowski,Consumer Non-Durables,356007,United States,TX,Dallas,75342,3 Algoma Terrace
"Robel, King and Stiedemann",Finance,997482,United States,UT,Salt Lake City,84152,7 Debra Junction
Schmidt Inc,Consumer Services,789426,United States,OH,Cincinnati,45271,271 Grim Junction
"Orn, Schiller and Olson",Finance,114559,United States,OR,Portland,97221,4 Di Loreto Park
Russel-Shanahan,Consumer Services,465525,United States,MN,Minneapolis,55402,53 Cambridge Place
"Hermann, Rolfson and Fisher",Transportation,658772,United States,WA,Spokane,99252,64468 Melrose Road
"Goyette, Rowe and Grimes",Health Care,625540,United States,CA,Richmond,94807,8 Gale Street
"Renner, Hodkiewicz and Ward",Capital Goods,328850,United States,TX,Dallas,75397,50812 Forest Place
Waters and Sons,Consumer Non-Durables,809008,United States,WI,Milwaukee,53234,05 5th Parkway
Predovic-Bayer,Basic Industries,325277,United States,SC,Spartanburg,29319,42497 Crownhardt Plaza
Nolan-Schowalter,Finance,96220,United States,FL,Gainesville,32605,6191 Gina Parkway
"Herzog, Feeney and Leffler",Capital Goods,380950,United States,CA,Fresno,93786,9584 Talmadge Hill
"Mante, Doyle and Spinka",Technology,442568,United States,DC,Washington,20205,92 Lukken Park
"Mayert, Kovacek and Gulgowski",Health Care,717012,United States,FL,Orlando,32859,89949 Knutson Street
"Barrows, Keebler and Hessel",n/a,297677,United States,TX,Arlington,76011,6781 Fremont Plaza
Runolfsson and Sons,n/a,931085,United States,AL,Birmingham,35231,14 Corscot Plaza
"Klocko, Cartwright and Mills",n/a,959314,United States,DE,Wilmington,19892,4 Meadow Ridge Hill
Hintz-Cassin,Finance,507330,United States,OH,Cleveland,44130,235 Mcguire Terrace
Halvorson-Bradtke,Public Utilities,747865,United States,LA,Monroe,71213,4 Drewry Lane
Kuphal and Sons,Technology,966215,United States,FL,Sarasota,34233,80063 Walton Crossing
Johnson-Thiel,Consumer Services,957131,United States,HI,Honolulu,96850,7 Browning Point
Borer-Ullrich,n/a,240198,United States,NM,Santa Fe,87592,4993 Springs Parkway
"Kuhn, Haag and Herzog",Finance,854014,United States,ND,Grand Forks,58207,56 Porter Lane
"Hansen, Will and Prohaska",Finance,871755,United States,MO,Saint Louis,63158,5429 Butterfield Junction
Feil Inc,Technology,778558,United States,DC,Washington,56944,6 Leroy Parkway
Larkin and Sons,Finance,965009,United States,CA,San Jose,95173,2659 Leroy Road
Considine-Deckow,n/a,649922,United States,TX,Huntsville,77343,921 Merchant Center
Mosciski LLC,Consumer Durables,429866,United States,NY,Schenectady,12325,82382 Barby Avenue
Bins Inc,Transportation,768069,United States,IN,Indianapolis,46216,6574 Melby Court
"Cummings, Ondricka and Zulauf",n/a,728351,United States,AZ,Phoenix,85077,54 Kingsford Center
Stehr Inc,n/a,491104,United States,NV,Las Vegas,89105,5 Hoffman Avenue
Turcotte-Beahan,n/a,942558,United States,MI,Grand Rapids,49560,6736 Donald Court
"McGlynn, Kautzer and Graham",Consumer Non-Durables,748354,United States,KS,Kansas City,66160,7 Mayer Trail
Haley and Sons,Finance,871396,United States,LA,Lafayette,70505,9 Oak Valley Street
Ferry-Beahan,Consumer Durables,917284,United States,TX,Fort Worth,76110,6904 Corscot Avenue
"Mohr, Hills and Barton",Capital Goods,521457,United States,DC,Washington,20580,9 Lerdahl Parkway
Miller-Green,Finance,441304,United States,GA,Macon,31296,9 Loeprich Trail
Gleason Inc,Technology,874598,United States,OH,Cincinnati,45271,9786 Steensland Road
Klein Inc,Finance,70713,United States,CA,Los Angeles,90189,33 Lakewood Crossing
Crist LLC,Energy,323723,United States,DC,Washington,20551,39 Forest Dale Avenue
Roberts-Auer,Consumer Services,35110,United States,TX,Galveston,77554,54 Prentice Trail
Murray LLC,Consumer Durables,839486,United States,GA,Gainesville,30506,939 Manufacturers Way
"Grant, Klocko and Daugherty",Technology,21399,United States,TX,San Antonio,78225,6595 Springs Crossing
"Beer, Bauch and Bechtelar",Basic Industries,630885,United States,FL,Miami,33124,9423 Transport Alley
"Corkery, Becker and Ortiz",Capital Goods,428657,United States,LA,New Orleans,70129,08704 Independence Place
"Strosin, O'Hara and Hartmann",Technology,723443,United States,TX,Dallas,75205,91572 Macpherson Point
Jacobi-Lemke,Technology,995006,United States,MO,Saint Joseph,64504,4 Elka Crossing
Jacobi-Nader,Health Care,196765,United States,WA,Spokane,99220,541 Karstens Drive
Romaguera-Hettinger,Consumer Services,348256,United States,CA,Long Beach,90831,248 Hudson Terrace
McKenzie LLC,Health Care,295750,United States,TX,Houston,77255,643 Canary Road
Mitchell and Sons,Finance,551820,United States,TX,Amarillo,79118,79 Eagle Crest Center
Nicolas-Gutmann,Finance,541222,United States,IL,Rockford,61105,0565 Maryland Junction
Daniel-Franecki,Health Care,634032,United States,NY,Albany,12262,47688 Linden Lane
Lockman-Kuphal,Finance,542398,United States,VA,Norfolk,23520,16219 Northview Terrace
"Armstrong, Flatley and Ullrich",n/a,421208,United States,NY,Bronx,10454,37 Rowland Pass
Hyatt and Sons,Transportation,183805,United States,FL,Fort Lauderdale,33310,8 Harbort Circle
"Daugherty, Volkman and Klocko",Consumer Services,258830,United States,FL,Hialeah,33013,40 Crescent Oaks Hill
Gorczany-Aufderhar,Capital Goods,241301,United States,GA,Savannah,31405,221 Reindahl Circle
Thompson and Sons,Consumer Non-Durables,621168,United States,FL,Lake Worth,33462,82463 Beilfuss Alley
"Schumm, Beahan and Huel",Transportation,538615,United States,GA,Macon,31210,296 Quincy Place
Daugherty-Volkman,Transportation,513927,United States,NC,Charlotte,28289,4485 Thackeray Street
Stamm-Goyette,n/a,756590,United States,FL,Port Saint Lucie,34985,2600 Katie Point
"Bruen, Bergstrom and Abernathy",Consumer Services,32866,United States,AR,Hot Springs National Park,71914,48012 Wayridge Road
Purdy and Sons,n/a,746778,United States,SC,Columbia,29240,4258 Pennsylvania Park
Runolfsdottir Group,Finance,477281,United States,OK,Tulsa,74184,6094 Mcguire Point
Kozey-Dietrich,n/a,241390,United States,PA,Pittsburgh,15230,206 Drewry Hill
"Langworth, Kautzer and Huel",Health Care,214816,United States,CA,San Francisco,94164,9 Golden Leaf Park
"Grady, Becker and Kemmer",Technology,374151,United States,IN,Indianapolis,46266,370 Arrowood Park
Langosh-Kuhn,Public Utilities,747109,United States,TX,Houston,77080,55 Sheridan Avenue
Rice-Haag,Consumer Services,880081,United States,CA,San Diego,92121,18 Dexter Place
O'Hara-Beer,n/a,924921,United States,NY,Jamaica,11447,63981 Ronald Regan Court
Turcotte-Lowe,Capital Goods,9022,United States,DE,Newark,19725,1380 Rowland Court
Reichel Inc,Capital Goods,774469,United States,LA,New Orleans,70124,6443 Oak Avenue
Kautzer and Sons,Consumer Durables,156667,United States,TX,El Paso,88553,89 Northland Trail
Marquardt-Bauch,Consumer Services,35001,United States,GA,Atlanta,30306,3 Everett Crossing
"Hartmann, Barrows and Kutch",Finance,448982,United States,TX,Houston,77090,7 Bunting Pass
"Gutkowski, Langworth and Lueilwitz",n/a,589371,United States,WA,Tacoma,98411,133 Briar Crest Circle
"Wolf, Mueller and Olson",Finance,112956,United States,CO,Denver,80204,10 Lotheville Circle
"Bailey, Skiles and Schmidt",Consumer Services,276731,United States,PA,Pittsburgh,15279,53 Kingsford Point
"Ullrich, Carter and Braun",Basic Industries,923126,United States,CO,Denver,80299,9 Independence Point
Huels Inc,n/a,603694,United States,NC,Raleigh,27658,40 Hazelcrest Junction
Keeling and Sons,n/a,785969,United States,NE,Lincoln,68583,04961 Kropf Court
"Herzog, Kling and Prohaska",Capital Goods,5930,United States,MA,New Bedford,02745,3 Talisman Point
"Leuschke, Legros and Volkman",Energy,615565,United States,AZ,Mesa,85210,069 Knutson Street
"Kirlin, Hartmann and Herzog",Consumer Non-Durables,325336,United States,CA,Sacramento,94237,21554 Grover Circle
Kozey Inc,Finance,784860,United States,TX,Dallas,75287,70260 Dahle Drive
Yundt-Morissette,Basic Industries,343230,United States,AR,Fort Smith,72905,191 Norway Maple Street
Goldner-Kessler,Technology,417180,United States,WA,Tacoma,98411,848 Susan Terrace
Ondricka-Frami,Consumer Services,593557,United States,IN,Anderson,46015,02 Orin Junction
Anderson-Casper,n/a,776897,United States,NY,New York City,10249,45 Del Mar Drive
Cummerata-Lueilwitz,Consumer Services,239941,United States,TX,Houston,77218,05367 Algoma Trail
Denesik Group,Finance,450279,United States,NY,Brooklyn,11241,52 Kim Parkway
"McClure, Kunze and Weissnat",Transportation,624326,United States,TX,Amarillo,79165,611 Di Loreto Pass
"Kertzmann, Johnson and Prohaska",Technology,91007,United States,FL,Miami,33185,6117 Farmco Alley
Abbott Group,n/a,258161,United States,IN,Jeffersonville,47134,059 Sugar Hill
Walter-Quigley,n/a,135174,United States,IN,Evansville,47705,0 Westend Lane
Rice Inc,Finance,119845,United States,DC,Washington,20088,2 Briar Crest Court
"Considine, Fritsch and Gibson",Miscellaneous,717868,United States,VA,Roanoke,24024,5216 Summer Ridge Trail
"Hirthe, West and Erdman",Consumer Non-Durables,327420,United States,AK,Anchorage,99599,82578 Weeping Birch Park
Donnelly Group,n/a,594916,United States,OH,Dayton,45426,00 Old Shore Trail
Conroy-Becker,n/a,571251,United States,MS,Biloxi,39534,43 Monica Crossing
"Beier, Koepp and Reynolds",n/a,943686,United States,CA,Garden Grove,92645,8027 Pond Way
"Monahan, Heidenreich and Raynor",n/a,820859,United States,WA,Yakima,98907,6 Express Point
"Wolff, Hane and Baumbach",Energy,877195,United States,MA,Boston,02104,7647 Glacier Hill Pass
Buckridge and Sons,Public Utilities,536253,United States,NE,Lincoln,68583,12 Cascade Drive
Abbott Inc,Technology,397806,United States,CA,Fresno,93773,01 Mcbride Crossing
Greenholt-Romaguera,Technology,286372,United States,TN,Memphis,38119,78458 Welch Street
Davis LLC,Consumer Services,354675,United States,CA,Los Angeles,90065,4413 North Trail
Osinski-Kuvalis,Finance,641753,United States,TX,Dallas,75323,41871 Waywood Center
Reinger-Nienow,Finance,953565,United States,MD,Bowie,20719,383 Becker Place
Ernser-Wolff,Consumer Services,875165,United States,TX,Garland,75049,1256 Scofield Avenue
Corkery LLC,Basic Industries,856562,United States,PA,Philadelphia,19136,9 Arizona Plaza
Yost and Sons,n/a,482603,United States,GA,Atlanta,30343,742 Melrose Alley
"Lebsack, Emmerich and Bosco",Public Utilities,572313,United States,SC,Charleston,29411,9 Eggendart Point
Kertzmann-Armstrong,Basic Industries,430552,United States,OH,Akron,44310,83 Kenwood Court
Flatley Group,Health Care,979291,United States,LA,Lake Charles,70616,2587 Burrows Terrace
Kohler-Halvorson,Consumer Services,928075,United States,PA,Philadelphia,19093,921 Graedel Court
Feil Group,n/a,280754,United States,NY,Bronx,10474,159 Talisman Alley
Skiles Group,Public Utilities,479521,United States,DC,Washington,20530,61603 Myrtle Lane
"Rutherford, Ondricka and Kris",Finance,603056,United States,VA,Richmond,23289,5250 Mayer Road
Hickle-Harber,Finance,795442,United States,NC,Greensboro,27499,5802 Glacier Hill Crossing
Crooks-Rolfson,n/a,227312,United States,GA,Columbus,31914,0717 Sullivan Point
"Willms, Wolff and Macejkovic",Basic Industries,840340,United States,OR,Portland,97201,82 Roth Parkway
"Aufderhar, Herman and Lakin",Technology,467228,United States,MS,Jackson,39216,11 Old Shore Circle
Brekke-Mertz,Technology,366957,United States,CT,Norwalk,06859,3978 Grim Alley
"Torphy, Will and McLaughlin",Miscellaneous,379664,United States,SC,Columbia,29220,5 Algoma Street
Jacobson Group,Consumer Non-Durables,269137,United States,NC,Raleigh,27605,9 Blue Bill Park Junction
"Grant, Botsford and Hayes",Consumer Non-Durables,843741,United States,LA,New Orleans,70154,82 Emmet Court
Schmidt and Sons,Public Utilities,645767,United States,FL,Boca Raton,33487,6 Alpine Crossing
Conroy LLC,Consumer Durables,286762,United States,OH,Dayton,45490,642 Roth Center
Tillman-Schmeler,Technology,699260,United States,MS,Jackson,39282,90 New Castle Plaza
Reynolds-Doyle,Finance,314290,United States,NV,Las Vegas,89110,39 Northridge Hill
Bashirian Group,Finance,732262,United States,CA,San Jose,95128,2745 Johnson Junction
Koss-Fisher,Consumer Services,156939,United States,GA,Columbus,31998,480 Helena Alley
Jones Inc,Finance,416150,United States,AZ,Phoenix,85005,73 Eagle Crest Alley
"Tillman, Schmidt and Kozey",Consumer Services,538009,United States,DC,Washington,20525,796 Bonner Junction
"Douglas, Huels and Hahn",n/a,675283,United States,TX,Waco,76711,6810 Longview Terrace
Schumm Group,n/a,327523,United States,FL,Spring Hill,34611,660 Surrey Avenue
Corwin Group,n/a,45479,United States,GA,Augusta,30911,62 Shelley Parkway
"Konopelski, Green and Kunze",Health Care,529337,United States,TX,Midland,79710,7636 Coolidge Plaza
"Botsford, Mitchell and Hane",Health Care,395732,United States,DC,Washington,20073,3031 Basil Avenue
Lindgren LLC,n/a,290948,United States,CA,Long Beach,90805,5042 Merry Point
"Legros, Kulas and Gusikowski",Health Care,976798,United States,IL,Chicago,60636,04236 Sutherland Center
"Pacocha, Langosh and Lakin",Finance,159300,United States,NY,New York City,10099,51 Paget Park
Schmeler Inc,Technology,86183,United States,CA,Fresno,93786,56424 Blackbird Trail
Kovacek-Wuckert,n/a,494941,United States,FL,Pensacola,32590,8269 Oak Trail
"Considine, Douglas and Ratke",Consumer Non-Durables,787472,United States,SC,Charleston,29416,76188 Derek Plaza
"Davis, King and O'Keefe",Health Care,331114,United States,CA,Los Angeles,90030,3646 Ramsey Road
Borer-Bernhard,n/a,658686,United States,NY,New York City,10165,2 Cardinal Alley
"O'Connell, Nitzsche and Nienow",Health Care,752595,United States,NY,Syracuse,13251,99293 Nova Court
Green-Hudson,Finance,631443,United States,OR,Portland,97240,183 Weeping Birch Pass
"Rath, Corwin and Hilpert",Finance,333780,United States,TN,Jackson,38308,4170 Northview Parkway
"Rippin, Johnson and O'Conner",Capital Goods,216691,United States,CA,Orange,92867,83387 Dorton Trail
Gusikowski-Gutmann,Basic Industries,754662,United States,LA,Monroe,71213,10621 Esker Center
Glover LLC,n/a,372369,United States,TX,Houston,77266,64 Meadow Valley Alley
"O'Hara, D'Amore and Strosin",n/a,652609,United States,IL,Chicago,60624,54800 Service Place
Stroman Group,n/a,824018,United States,CA,San Francisco,94154,87213 Grayhawk Pass
"Ledner, Gutmann and Leannon",Transportation,337903,United States,IA,Iowa City,52245,161 Stone Corner Point
Jacobs Inc,n/a,765646,United States,AL,Anniston,36205,02152 Welch Avenue
Fisher-Farrell,n/a,178500,United States,GA,Decatur,30089,3 Dawn Junction
"Kirlin, Kuhn and Hoppe",n/a,307563,United States,CA,Bakersfield,93386,468 Barby Point
"McClure, Weissnat and Reinger",Finance,20615,United States,IA,Cedar Rapids,52405,94 Lakewood Gardens Trail
Jacobs and Sons,Capital Goods,592613,United States,NC,Fayetteville,28305,02 Sommers Street
"Steuber, Mayert and Durgan",Technology,713048,United States,CA,Stockton,95210,01663 Memorial Parkway
Miller-Heidenreich,Consumer Services,721256,United States,CA,Fresno,93709,36 Eggendart Terrace
Koss and Sons,Finance,814118,United States,FL,Daytona Beach,32128,53568 Schiller Alley
Armstrong-Bashirian,n/a,985874,United States,NY,Syracuse,13205,3 Bunker Hill Terrace
"Abernathy, Bogan and Jenkins",n/a,516834,United States,VA,Lynchburg,24515,27972 Menomonie Place
Mitchell-Mueller,Finance,122640,United States,GA,Savannah,31416,443 Florence Lane
Boyle Group,Finance,632961,United States,TX,El Paso,88584,69 Miller Plaza
Daniel and Sons,n/a,517826,United States,OH,Akron,44393,00 Grayhawk Point
"Ledner, Stracke and McLaughlin",Consumer Non-Durables,169249,United States,LA,New Orleans,70129,45 Jenifer Way
"Gerhold, Towne and Nolan",Health Care,988317,United States,AZ,Phoenix,85025,446 Shasta Street
Schimmel-Luettgen,Health Care,673438,United States,CA,Santa Barbara,93111,38303 Kipling Trail
"Kemmer, Kub and Bashirian",Public Utilities,202420,United States,CA,Los Angeles,90071,138 Cambridge Park
Klocko Inc,Public Utilities,509559,United States,IL,Chicago,60663,67 Kenwood Park
"Farrell, Rosenbaum and Torphy",Finance,151851,United States,OK,Oklahoma City,73173,215 Shoshone Junction
"Dibbert, Lowe and Bergnaum",Technology,132040,United States,FL,Saint Petersburg,33742,34 Delaware Center
Yost-Robel,Technology,174720,United States,OH,Cincinnati,45999,176 Fairview Hill
"Kub, Herman and Parker",Capital Goods,475111,United States,CO,Denver,80262,729 Hallows Pass
Collins-Schmeler,Consumer Services,629285,United States,GA,Decatur,30089,9 Oak Center
Beahan-Rowe,n/a,382109,United States,WA,Vancouver,98682,02027 Doe Crossing Point
"Quitzon, Renner and Dietrich",n/a,573685,United States,AZ,Prescott,86305,82 Talmadge Lane
Howe Inc,Public Utilities,129514,United States,TX,El Paso,88530,41 Independence Pass
O'Hara-Kuhn,Consumer Services,823647,United States,NV,Las Vegas,89130,8 3rd Hill
Weimann-Feeney,Finance,577647,United States,TX,Houston,77065,8859 Montana Plaza
Vandervort LLC,n/a,843213,United States,NJ,Newark,07188,42110 Steensland Lane
Tromp-Quigley,n/a,992050,United States,DC,Washington,20337,76061 David Road
Gulgowski and Sons,Miscellaneous,976909,United States,NV,Reno,89519,3 Nevada Parkway
"Leannon, Herman and O'Conner",Consumer Durables,361569,United States,NM,Albuquerque,87195,62 Myrtle Court
Hegmann Inc,Capital Goods,496688,United States,TX,San Antonio,78260,1 Clemons Terrace
Ziemann and Sons,n/a,340403,United States,WV,Charleston,25313,278 Karstens Court
Considine-Oberbrunner,Consumer Services,651344,United States,PA,Pittsburgh,15230,0870 Sutteridge Park
Von Group,n/a,816296,United States,DC,Washington,20425,13 Arapahoe Terrace
Casper-Cartwright,Finance,799763,United States,WA,Spokane,99252,56 Dwight Plaza
Koelpin-Crooks,Finance,434487,United States,MN,Minneapolis,55412,156 Sauthoff Circle
"Marvin, Willms and Will",Technology,664036,United States,TX,Beaumont,77713,8 School Avenue
"Willms, Quigley and Olson",Miscellaneous,422712,United States,GA,Atlanta,30336,5 Surrey Junction
"Renner, Bosco and Roberts",Finance,146287,United States,CT,New Haven,06520,8279 Dakota Center
"McDermott, McCullough and Reichel",Finance,485975,United States,MA,Boston,02216,52 Iowa Way
"Boyle, Shanahan and Hayes",Energy,493883,United States,OK,Tulsa,74184,6724 Karstens Pass
"Tremblay, Schiller and Mohr",Technology,406938,United States,TX,Killeen,76544,973 Lake View Drive
Klocko and Sons,Consumer Durables,909821,United States,VA,Arlington,22244,37601 Grasskamp Drive
Bode-Windler,Consumer Durables,102263,United States,NY,Syracuse,13224,3172 Nelson Park
"Grady, Keebler and Bogisich",Energy,231963,United States,CA,Long Beach,90805,5 Towne Crossing
Keeling Group,Consumer Services,810515,United States,PA,Philadelphia,19184,175 Bayside Circle
"Stoltenberg, Pouros and Weber",Health Care,458586,United States,TX,Midland,79705,3 Scoville Drive
Lemke Inc,Public Utilities,903237,United States,DC,Washington,20414,928 Old Gate Terrace
Nitzsche-Trantow,Health Care,950176,United States,DC,Washington,20470,2817 Melrose Pass
"Mann, Hand and Hansen",Health Care,805204,United States,CA,Los Angeles,90189,956 Stuart Junction
Bins Group,Consumer Services,807154,United States,NE,Lincoln,68531,911 Dawn Avenue
"Terry, Purdy and Ebert",Technology,379166,United States,DC,Washington,20557,345 Gulseth Circle
White Inc,n/a,292037,United States,CA,Los Angeles,90050,6 Hazelcrest Crossing
"Nitzsche, Hauck and Stehr",Consumer Services,500215,United States,MI,Lansing,48919,59 Stoughton Parkway
Schneider-Predovic,Miscellaneous,632611,United States,TX,Austin,78749,47 Katie Court
Jaskolski-Gottlieb,Miscellaneous,806026,United States,GA,Augusta,30905,8 Vera Place
"Monahan, Mitchell and O'Keefe",Capital Goods,37034,United States,FL,Punta Gorda,33982,8124 Calypso Alley
Roob-Mertz,n/a,366986,United States,CA,San Francisco,94142,567 Onsgard Lane
Bednar LLC,Consumer Services,384181,United States,OH,Dayton,45440,84 Kennedy Place
"Prohaska, Hills and Borer",n/a,809860,United States,DC,Washington,20231,4 Prentice Point
Hoppe-Gorczany,Consumer Services,996264,United States,IN,Indianapolis,46266,8189 Maple Wood Crossing
"O'Conner, Hermiston and Towne",Energy,360332,United States,PA,Philadelphia,19125,5 Annamark Pass
Towne-Metz,Technology,150530,United States,OH,Dayton,45414,3676 Fisk Hill
Schroeder-Kessler,n/a,475972,United States,TN,Memphis,38131,668 Eastlawn Parkway
"Pfannerstill, Paucek and Kling",Consumer Services,811132,United States,ID,Boise,83705,6 Melby Circle
Connelly LLC,Consumer Services,735987,United States,TX,Austin,78744,96438 Northport Drive
"Wuckert, Effertz and Cassin",Transportation,292034,United States,VA,Falls Church,22047,69 Arrowood Street
Graham-Heathcote,Transportation,729962,United States,CA,Sunnyvale,94089,69211 Kipling Center
Moore LLC,Consumer Services,967655,United States,CA,San Diego,92196,31807 Bellgrove Road
Bashirian Group,Basic Industries,635491,United States,CA,Huntington Beach,92648,597 Hanson Park
O'Keefe LLC,Capital Goods,936328,United States,FL,Kissimmee,34745,409 Manitowish Lane
"Beahan, Metz and Hintz",n/a,699393,United States,KS,Shawnee Mission,66276,6013 Victoria Avenue
DuBuque-Lockman,Health Care,123106,United States,AK,Anchorage,99512,82 Rigney Plaza
Sawayn Inc,n/a,581809,United States,NC,Winston Salem,27105,3 Sundown Lane
Kshlerin-Grimes,Consumer Non-Durables,604550,United States,LA,New Orleans,70154,556 Lillian Way
Stoltenberg Inc,n/a,367101,United States,DC,Washington,20425,012 Butternut Street
"Quitzon, McKenzie and Ratke",Health Care,846073,United States,IA,Des Moines,50936,9398 Carberry Parkway
"Hamill, Dibbert and Mann",Capital Goods,486361,United States,TX,Houston,77260,6064 Messerschmidt Avenue
"Miller, Ondricka and Emmerich",n/a,821860,United States,FL,Pompano Beach,33064,0 Tennyson Junction
"Ratke, Price and Torp",Capital Goods,662708,United States,MA,Cambridge,02142,2 Lien Plaza
Zboncak LLC,n/a,260534,United States,LA,Baton Rouge,70815,8307 Stoughton Alley
Price Group,Consumer Non-Durables,339472,United States,TX,Houston,77255,066 Pawling Park
VonRueden-Beatty,Health Care,589662,United States,NE,Omaha,68179,237 Washington Alley
Crist-Cruickshank,Technology,863363,United States,MI,Southfield,48076,73 Kipling Plaza
"Kuhlman, MacGyver and McClure",Technology,631602,United States,FL,Clearwater,33758,7963 Jackson Place
Kozey-Runte,n/a,936598,United States,TX,El Paso,79945,13993 Derek Point
Lockman Group,Consumer Non-Durables,809173,United States,AL,Huntsville,35810,08 Mallard Terrace
Price Inc,Consumer Services,359648,United States,AZ,Scottsdale,85271,89 Arkansas Park
Mante-Lubowitz,n/a,919590,United States,NY,New York City,10110,39640 Hudson Court
Wiegand Inc,n/a,202621,United States,AL,Birmingham,35220,91527 Claremont Park
"Adams, Jacobson and Pouros",Finance,348107,United States,KS,Kansas City,66112,69892 Browning Center
White and Sons,Consumer Services,117504,United States,WI,Appleton,54915,18727 Elgar Way
Ratke-Barton,Capital Goods,111395,United States,IA,Des Moines,50315,9 Muir Road
Schmeler-Goldner,Consumer Services,619913,United States,NY,Utica,13505,3262 Sloan Terrace
Heaney and Sons,Finance,812483,United States,ID,Pocatello,83206,71 Hovde Plaza
"Stroman, Ledner and Lynch",Public Utilities,222213,United States,MN,Monticello,55585,0762 Ronald Regan Trail
Mertz and Sons,Energy,130516,United States,TX,El Paso,88519,4584 Morning Avenue
Watsica-Stehr,Consumer Services,333815,United States,IL,Springfield,62764,04988 Rutledge Road
Abbott-Kertzmann,Energy,910619,United States,NC,Durham,27705,74486 Armistice Crossing
Schmeler Inc,n/a,952543,United States,MO,Jefferson City,65110,16025 Hintze Center
Pollich and Sons,n/a,541997,United States,FL,West Palm Beach,33405,67519 Pawling Circle
Donnelly and Sons,Basic Industries,595962,United States,NY,Buffalo,14276,9 American Ash Alley
Morar and Sons,Finance,164586,United States,TX,Garland,75044,62887 Ryan Place
Kunze LLC,Public Utilities,304183,United States,LA,Shreveport,71166,28 Waxwing Avenue
MacGyver and Sons,Health Care,536789,United States,PA,Lancaster,17622,34915 Fallview Trail
"Koss, Bogisich and MacGyver",Public Utilities,103642,United States,NY,Buffalo,14276,47 Bonner Pass
Nienow-Herman,Transportation,101578,United States,TX,El Paso,79940,914 Heath Plaza
Beahan Group,Finance,701720,United States,NY,Buffalo,14263,9014 Morningstar Pass
"Zemlak, Conroy and Ritchie",Capital Goods,534320,United States,WA,Yakima,98907,581 Coolidge Junction
"Heller, Hauck and Yost",Consumer Services,660157,United States,NY,New York City,10090,86 Washington Circle
Becker and Sons,n/a,352881,United States,DC,Washington,20220,6 Maple Wood Avenue
Goodwin Group,Finance,76693,United States,WV,Charleston,25336,84474 Waxwing Plaza
Bahringer-Buckridge,n/a,735878,United States,DC,Washington,20210,0 Waxwing Trail
Runolfsdottir and Sons,Finance,855979,United States,FL,Miami,33180,13283 Arkansas Trail
Bruen-Daniel,n/a,376967,United States,IL,East Saint Louis,62205,812 Tomscot Way
"Keebler, Walker and Bahringer",n/a,759044,United States,NY,Rochester,14683,8 Luster Point
Sawayn Inc,Consumer Durables,242711,United States,UT,Salt Lake City,84135,468 Jana Street
"Skiles, Farrell and Jast",Transportation,215723,United States,PA,Erie,16550,484 Spenser Trail
Gleichner-Powlowski,Technology,64551,United States,MA,Boston,02109,1 Welch Way
Bogisich Inc,n/a,517284,United States,GA,Atlanta,30311,68119 Fisk Place
Greenholt LLC,Health Care,50392,United States,TN,Memphis,38136,7 Briar Crest Center
Wiegand and Sons,Finance,858175,United States,NC,Charlotte,28263,731 Maryland Place
"Carter, Fahey and Schmeler",Finance,109750,United States,NV,Las Vegas,89178,123 Carioca Terrace
Sporer and Sons,Health Care,736328,United States,AL,Huntsville,35805,9693 Mifflin Avenue
"Wunsch, MacGyver and Osinski",Consumer Services,701599,United States,FL,Homestead,33034,64 Mandrake Road
"Jones, Jones and Kulas",Finance,933540,United States,DC,Washington,20508,5 Pleasure Avenue
Cartwright Group,Public Utilities,53083,United States,DC,Washington,20540,035 Rieder Parkway
Kassulke LLC,Basic Industries,844046,United States,LA,New Orleans,70174,1955 Elgar Park
"Rodriguez, Glover and Kertzmann",Finance,662302,United States,UT,Salt Lake City,84110,76 Village Green Park
Abbott LLC,Capital Goods,660045,United States,NC,Greensboro,27409,5339 Parkside Point
Mraz-Lesch,Finance,981631,United States,AL,Montgomery,36134,93417 Anhalt Trail
Casper-Hermiston,Capital Goods,653406,United States,NJ,Camden,08104,5 Arkansas Circle
Dare-Bailey,Consumer Durables,524605,United States,IN,Jeffersonville,47134,4 Bunting Place
"Haley, Nitzsche and Haley",Technology,802232,United States,CO,Colorado Springs,80915,77217 Superior Street
Leffler and Sons,n/a,979756,United States,NM,Albuquerque,87140,531 Steensland Alley
Robel Group,Finance,111059,United States,NY,Albany,12262,77556 Delaware Court
"Aufderhar, Lowe and Cole",Consumer Services,393790,United States,OH,Cleveland,44118,44890 Bartelt Parkway
Weissnat Group,Technology,594646,United States,FL,Naples,34108,265 Onsgard Parkway
Brown-Schowalter,n/a,705212,United States,CO,Denver,80217,8533 Farragut Avenue
Schaden-Mitchell,Finance,96343,United States,TN,Memphis,38143,6 Charing Cross Hill
"Swift, Kling and Hettinger",Consumer Services,580593,United States,GA,Athens,30610,25486 Linden Terrace
Jaskolski-Jacobson,Health Care,353635,United States,TX,Denton,76205,86 Heath Trail
Stanton LLC,Health Care,793051,United States,DE,Wilmington,19897,5 Derek Point
"Boehm, Homenick and Schulist",Health Care,353518,United States,PA,Allentown,18105,257 Briar Crest Crossing
Hodkiewicz-Bednar,Finance,99887,United States,CA,Sacramento,95838,294 Twin Pines Terrace
"Walsh, Osinski and Wisoky",n/a,775223,United States,CA,Redwood City,94064,801 Melvin Center
Krajcik-Schultz,n/a,494673,United States,TX,Spring,77388,6326 Morningstar Alley
Crist Group,Consumer Services,612958,United States,MA,Newton,02162,8138 Northfield Road
Grady Inc,Health Care,136592,United States,FL,Pensacola,32590,88916 Steensland Plaza
Bruen LLC,Consumer Services,117225,United States,NY,Syracuse,13224,21970 Acker Junction
Cormier Group,Health Care,399506,United States,FL,Daytona Beach,32118,366 Nevada Court
Upton Group,Public Utilities,645088,United States,MI,Detroit,48258,7 Pawling Plaza
Kutch LLC,Health Care,939122,United States,CA,Pomona,91797,4701 Victoria Terrace
"Smith, Kris and Bode",n/a,39350,United States,NY,Jamaica,11447,05 Erie Park
Lowe LLC,n/a,973948,United States,HI,Honolulu,96840,513 Sauthoff Court
Reichert-Corwin,n/a,317946,United States,NV,Las Vegas,89105,938 Sage Lane
O'Connell-Carroll,Public Utilities,178974,United States,MO,Kansas City,64109,5174 Vera Street
"Hegmann, Roberts and Hoppe",Energy,428235,United States,DC,Washington,20442,8112 Cordelia Junction
"Hilll, Heidenreich and Schultz",Consumer Services,510556,United States,CA,San Diego,92127,0 Annamark Trail
"Mann, Gerlach and Sporer",Consumer Services,125453,United States,AZ,Tucson,85725,330 Jenna Court
Treutel LLC,Health Care,25771,United States,AL,Montgomery,36134,8193 Larry Junction
Cruickshank LLC,Consumer Durables,420175,United States,NY,New York City,10034,23596 Arizona Drive
"Denesik, Mann and Hermiston",Energy,427294,United States,MN,Minneapolis,55470,99410 Farragut Alley
Hilll-Schmeler,n/a,706108,United States,LA,Alexandria,71307,4208 Carberry Drive
"Schulist, Tillman and Huel",Finance,278975,United States,FL,West Palm Beach,33416,175 Dexter Park
Wisozk-Ferry,Technology,507612,United States,VA,Roanoke,24014,4 Pond Plaza
Mraz-Mraz,Capital Goods,342779,United States,CA,Oxnard,93034,3467 Londonderry Parkway
Kling-Bergstrom,Energy,990301,United States,AL,Montgomery,36125,9945 Forster Point
Zulauf and Sons,n/a,474394,United States,DC,Washington,20310,0665 Tomscot Parkway
Blick and Sons,Finance,383560,United States,NH,Portsmouth,00214,2 Sycamore Hill
Hessel LLC,n/a,779079,United States,OR,Portland,97271,8 Fuller Crossing
Gleichner Inc,Consumer Services,131581,United States,NM,Santa Fe,87505,621 Bashford Place
"Bashirian, Ernser and Becker",Capital Goods,732137,United States,MN,Minneapolis,55412,1689 Loeprich Plaza
"Leannon, Breitenberg and Becker",Capital Goods,930463,United States,AZ,Tucson,85720,4 Londonderry Plaza
"Buckridge, Franecki and Abernathy",Basic Industries,883059,United States,IN,Indianapolis,46254,5 Heath Crossing
"Kuhic, Hirthe and Bergnaum",Health Care,743313,United States,GA,Columbus,31998,58505 Ridgeview Court
Gutkowski Inc,n/a,700263,United States,WA,Seattle,98140,9 Shoshone Way
Hayes-Roob,Capital Goods,591920,United States,TX,Midland,79705,82 Maple Avenue
Brakus-Prohaska,Health Care,404086,United States,TX,Wichita Falls,76310,519 Heath Way
Marvin LLC,Consumer Durables,759021,United States,NC,Durham,27705,06381 Hanover Hill
Braun-Lynch,Basic Industries,988884,United States,MO,Kansas City,64160,9710 Cordelia Hill
Bednar-Schulist,Finance,396813,United States,NY,Albany,12237,3 Alpine Alley
"Hegmann, Yost and Kub",n/a,854118,United States,VA,Chesapeake,23324,5 Kipling Lane
"Marks, Casper and Green",Public Utilities,656065,United States,NC,Charlotte,28247,6 Meadow Ridge Plaza
Heathcote Group,n/a,276856,United States,LA,Shreveport,71130,67913 Anderson Circle
"Christiansen, Mayert and Daniel",Public Utilities,258217,United States,OK,Oklahoma City,73114,0182 Drewry Plaza
"Miller, Zemlak and Mante",Health Care,166242,United States,TX,Dallas,75392,6 Derek Lane
"Nitzsche, Little and Bahringer",n/a,612160,United States,MA,Boston,02298,6 Sullivan Drive
"Carroll, McDermott and Beer",Technology,857161,United States,TX,Houston,77240,351 Sundown Court
"Olson, Williamson and Schulist",n/a,429616,United States,NY,Mount Vernon,10557,434 Corben Crossing
Stoltenberg-Kuhlman,Technology,988160,United States,OK,Tulsa,74193,20054 Florence Avenue
"Nienow, Mayert and Abshire",Capital Goods,717131,United States,CA,San Diego,92137,5 Reinke Parkway
Schmeler LLC,Public Utilities,935450,United States,AL,Montgomery,36104,05943 Bellgrove Parkway
"Nienow, Abernathy and Gusikowski",n/a,73150,United States,CA,San Diego,92153,31 Sunfield Circle
"Okuneva, Brakus and Weimann",n/a,752684,United States,AL,Tuscaloosa,35487,48364 Lindbergh Point
Bartoletti-Kozey,Finance,629298,United States,MS,Jackson,39296,145 Roth Circle
Rath Inc,Capital Goods,404110,United States,FL,Orlando,32885,47438 Sullivan Parkway
"Kovacek, Adams and Grant",Public Utilities,295267,United States,TX,Houston,77025,1 Weeping Birch Plaza
Greenholt-Reichert,n/a,417980,United States,MI,Midland,48670,7533 Springs Hill
"Medhurst, Kirlin and Grady",Health Care,972252,United States,TN,Nashville,37215,39352 Grasskamp Drive
"Skiles, Jast and Bergstrom",n/a,468728,United States,FL,Orlando,32835,77 Elka Street
Robel-Bernhard,Health Care,108752,United States,MT,Billings,59112,77 Forest Dale Point
"Bauch, Jenkins and Fay",n/a,901614,United States,FL,Clearwater,34629,86 Garrison Road
"Crooks, D'Amore and Aufderhar",Basic Industries,982073,United States,NY,Brooklyn,11254,8 5th Plaza
Welch Inc,Basic Industries,558430,United States,GA,Atlanta,31196,88 Schurz Park
Schiller Inc,Consumer Services,877406,United States,HI,Honolulu,96820,89 Kipling Way
Brekke-Hermiston,n/a,483378,United States,MI,Flint,48550,37176 Lakeland Pass
"Toy, Lueilwitz and Carroll",Health Care,300080,United States,MI,Grand Rapids,49544,4 Carberry Place
"Hauck, Davis and Hickle",Technology,968499,United States,MI,Detroit,48242,08787 American Ash Street
"Bernier, VonRueden and Shanahan",Basic Industries,305418,United States,TX,El Paso,88514,017 Stone Corner Parkway
Weber LLC,Technology,721594,United States,SC,Columbia,29240,3 Moulton Trail
Smith-McGlynn,Energy,447405,United States,CO,Pueblo,81005,658 Morningstar Circle
Roob-Wilderman,Miscellaneous,779948,United States,CA,San Francisco,94142,64514 Superior Street
Little Inc,Capital Goods,995113,United States,FL,Orlando,32808,10 Blaine Road
Bruen-Dietrich,Basic Industries,722703,United States,VA,Portsmouth,23705,47720 Monica Drive
Crist and Sons,Energy,159299,United States,TX,Austin,78749,56 Shoshone Junction
Connelly and Sons,n/a,920340,United States,FL,Brooksville,34605,32 Colorado Point
Conroy LLC,Public Utilities,989661,United States,HI,Honolulu,96840,3 Dexter Lane
Hintz Group,Energy,572267,United States,MN,Rochester,55905,45 Trailsway Circle
Jacobi and Sons,n/a,364668,United States,TX,El Paso,88558,6 Parkside Hill
Green Group,Capital Goods,762543,United States,VA,Falls Church,22047,94694 Green Parkway
"Strosin, Rodriguez and Nikolaus",Basic Industries,567453,United States,AL,Tuscaloosa,35487,7 International Trail
"Miller, Harber and Ankunding",Consumer Non-Durables,705201,United States,NV,Henderson,89012,363 Pleasure Way
"Feest, Jacobson and Stokes",Energy,409204,United States,TX,Arlington,76016,85 Ramsey Center
"Hermiston, Predovic and McKenzie",n/a,469514,United States,TX,Amarillo,79188,27526 Dorton Parkway
Rath and Sons,n/a,738473,United States,MI,Kalamazoo,49048,392 Sachtjen Pass
Walker Inc,Health Care,303470,United States,NY,Albany,12247,40054 Tennyson Alley
Kassulke-Grant,Technology,182214,United States,VA,Richmond,23220,4 Summerview Center
Ortiz LLC,n/a,464216,United States,CA,San Luis Obispo,93407,1971 Scott Hill
"Jakubowski, Bogisich and Hartmann",Energy,572172,United States,NJ,Jersey City,07310,53156 Nancy Lane
"Berge, Runte and Sawayn",Health Care,713120,United States,LA,Shreveport,71130,72 Gateway Circle
"Emmerich, Kilback and Marvin",Basic Industries,553928,United States,IL,Decatur,62525,5 Dryden Plaza
"Barton, Fahey and Tromp",Health Care,561001,United States,CA,Palo Alto,94302,24745 Holmberg Court
Ondricka-Williamson,n/a,571073,United States,NJ,Trenton,08650,3356 Dorton Drive
Turcotte Inc,Capital Goods,141454,United States,CA,San Diego,92115,2960 Northview Drive
McLaughlin Inc,n/a,600733,United States,IN,Bloomington,47405,09 Kenwood Park
Boyer Group,Health Care,407555,United States,TN,Chattanooga,37416,63798 Dexter Road
Harris Group,Capital Goods,648702,United States,FL,Pensacola,32595,2927 Maple Road
Williamson-Legros,Technology,381432,United States,WV,Huntington,25711,2518 Bobwhite Court
Labadie-Waelchi,Finance,804271,United States,IL,Springfield,62764,6209 Vernon Way
Feeney-Dach,Technology,758992,United States,FL,Miami,33175,0161 Lunder Alley
"Farrell, Adams and Raynor",Health Care,263168,United States,WA,Spokane,99205,53 Knutson Point
Hauck-Quigley,Capital Goods,252503,United States,MI,Detroit,48211,1418 East Road
Hand-Goldner,Technology,968316,United States,CA,Northridge,91328,83015 Nobel Hill
Grimes LLC,n/a,445333,United States,IL,Rockford,61105,0561 Towne Avenue
"Leannon, Tillman and Jakubowski",n/a,700689,United States,OK,Edmond,73034,9 Banding Terrace
"Lockman, Yundt and Hammes",Miscellaneous,259986,United States,KS,Shawnee Mission,66205,684 Washington Street
Beier-Walter,Energy,458364,United States,GA,Cumming,30130,979 Dwight Center
"Cormier, Swaniawski and Yost",Health Care,480176,United States,GA,Columbus,31904,85 Packers Circle
Bode-Feest,Consumer Durables,296160,United States,DC,Washington,20310,42 Granby Court
Strosin Group,Capital Goods,690943,United States,NY,New York City,10060,8 Judy Plaza
Weimann and Sons,Finance,440992,United States,NC,Raleigh,27635,2349 Mayfield Street
Murazik Group,Consumer Services,398367,United States,MI,Detroit,48295,22 Sachtjen Lane
"Volkman, Fahey and Schmitt",Health Care,176997,United States,KS,Topeka,66699,12 Dwight Center
"Ullrich, Homenick and Brekke",Consumer Services,56530,United States,FL,Gainesville,32610,1210 Golden Leaf Trail
Koelpin Group,Public Utilities,501554,United States,PA,Pittsburgh,15250,84157 Dayton Plaza
Weber-Ondricka,Consumer Services,804512,United States,MD,Baltimore,21282,2 Village Plaza
"Conroy, Daniel and Ryan",Consumer Durables,628522,United States,LA,Lafayette,70505,302 Graedel Trail
Yundt Group,Health Care,949512,United States,DC,Washington,20029,365 Nova Avenue
"Schaefer, Cremin and Parker",Health Care,640874,United States,PA,Valley Forge,19495,6 Grover Pass
"Schaefer, Smitham and Grimes",Energy,924505,United States,NY,New York City,10099,2223 Nevada Hill
"Rohan, Windler and Fahey",Finance,940019,United States,VA,Alexandria,22333,65 Atwood Street
Wehner-West,Energy,928241,United States,TX,Garland,75049,84393 Shasta Junction
Gutmann-Hettinger,Health Care,764022,United States,VA,Merrifield,22119,67 Manitowish Terrace
Carroll LLC,Finance,808992,United States,FL,Naples,34114,3043 Vernon Point
"Armstrong, Hermann and Torp",n/a,646093,United States,AZ,Mesa,85210,34 Chive Pass
"Hane, Brakus and Jenkins",Finance,825078,United States,CA,Irvine,92710,2029 Norway Maple Crossing
Haley LLC,Capital Goods,664105,United States,TX,Houston,77010,9374 Sachtjen Circle
"Schuster, Toy and Fay",n/a,320233,United States,IN,Fort Wayne,46862,5481 American Ash Court
Will-Dach,Health Care,36139,United States,NM,Albuquerque,87190,74555 Crest Line Plaza
Kessler and Sons,n/a,700905,United States,CT,West Hartford,06127,729 Mariners Cove Point
Corkery-Runolfsson,n/a,869494,United States,CO,Colorado Springs,80915,7 Anderson Circle
"Rosenbaum, Bode and Stoltenberg",Technology,473492,United States,PA,Mc Keesport,15134,1857 Reindahl Crossing
Ullrich and Sons,n/a,574571,United States,KY,Louisville,40280,7 Lighthouse Bay Avenue
"Huels, Hermann and Purdy",Finance,674969,United States,MN,Minneapolis,55441,28777 Dorton Street
"Stiedemann, Johnson and Crona",n/a,280192,United States,FL,Hollywood,33028,8 Orin Court
"Bailey, Davis and Kuphal",Technology,297084,United States,NV,Las Vegas,89125,61574 Towne Park
Feeney-Cummings,Finance,942221,United States,TX,Lubbock,79452,172 Nelson Lane
"Bogan, Kertzmann and Nader",Technology,495545,United States,LA,New Orleans,70160,1593 Sherman Point
Zboncak-Lemke,Health Care,29252,United States,TX,El Paso,79999,92038 Mosinee Plaza
Bode-Carter,Health Care,510350,United States,TX,Odessa,79764,84 Victoria Court
"Walter, Satterfield and Mante",Technology,845126,United States,PA,Pittsburgh,15286,46665 Eliot Pass
Homenick Group,Technology,481162,United States,MS,Jackson,39296,58 Menomonie Avenue
McCullough Inc,Technology,664728,United States,TX,Lubbock,79452,43 Anzinger Lane
"Walsh, Blanda and Graham",n/a,237042,United States,NJ,Trenton,08619,91357 Sutherland Alley
Langworth Inc,Technology,239844,United States,CA,Bakersfield,93399,98538 Thompson Way
Dickinson Inc,Technology,621882,United States,TX,Houston,77201,89748 Pond Circle
Wisozk Group,Finance,215292,United States,TX,Humble,77346,80366 Clemons Crossing
"Spencer, Dietrich and Hamill",Consumer Services,135919,United States,MO,Kansas City,64144,9 Fordem Pass
"Collier, Kemmer and Schulist",Health Care,301397,United States,UT,Salt Lake City,84110,829 Oakridge Court
Doyle-Hand,Finance,444855,United States,AL,Mobile,36622,28907 Forest Dale Way
"Frami, Baumbach and Wiza",Miscellaneous,201558,United States,TX,Abilene,79699,596 Randy Park
"Sanford, Jaskolski and Block",Health Care,644864,United States,TX,Waco,76796,6 Lindbergh Lane
Kozey LLC,n/a,835397,United States,MD,Rockville,20851,64769 Longview Place
Effertz-King,n/a,26551,United States,MD,Baltimore,21265,830 Red Cloud Point
Buckridge-Glover,Basic Industries,412797,United States,OH,Cleveland,44125,828 Stephen Terrace
"Pollich, VonRueden and Miller",Finance,947646,United States,NY,New York City,10120,21 Huxley Trail
"Kirlin, Graham and Considine",Consumer Services,814418,United States,KS,Wichita,67230,0445 Leroy Center
Hackett LLC,Finance,67720,United States,DC,Washington,20051,6217 Tomscot Crossing
Gleason-Mayert,n/a,763593,United States,OH,Cleveland,44105,71997 Sherman Trail
"Daugherty, Monahan and Romaguera",Technology,572814,United States,IL,Chicago,60697,71 Valley Edge Park
"Willms, Kemmer and Dare",Technology,74899,United States,CA,Newport Beach,92662,5656 Scott Point
"Greenholt, Kassulke and Cormier",Public Utilities,729937,United States,TN,Murfreesboro,37131,2 Prentice Parkway
Oberbrunner Group,n/a,595390,United States,NY,White Plains,10606,59837 Norway Maple Park
MacGyver LLC,n/a,831600,United States,OH,Dayton,45419,66080 Ridge Oak Lane
Hettinger-Kemmer,Consumer Services,600801,United States,TX,Dallas,75310,8 Cascade Lane
Crooks-Simonis,Consumer Services,468254,United States,CO,Denver,80223,27 Reinke Pass
Spinka-Jacobs,Consumer Services,200737,United States,PA,Erie,16510,934 Morning Plaza
Hand-Franecki,Technology,166313,United States,CA,Long Beach,90847,78 Darwin Avenue
Brakus-Dibbert,n/a,421741,United States,MT,Billings,59105,628 Fallview Junction
Roob Inc,n/a,188737,United States,NM,Albuquerque,87105,01723 Red Cloud Parkway
Sipes-Kerluke,Consumer Non-Durables,494217,United States,MI,Lansing,48956,83324 Troy Avenue
"Wuckert, Kris and Kuvalis",Transportation,663179,United States,CA,Stockton,95298,4042 Dennis Avenue
Price and Sons,Technology,918952,United States,LA,Shreveport,71130,1594 Clemons Way
Schmeler and Sons,Finance,347220,United States,MD,Silver Spring,20904,271 Grover Junction
Kshlerin-Jenkins,Public Utilities,309426,United States,NY,Port Washington,11054,47633 Independence Pass
Harris-Steuber,n/a,17073,United States,VA,Roanoke,24040,7 Lighthouse Bay Park
Swaniawski LLC,n/a,821053,United States,GA,Atlanta,30375,0 Manitowish Point
Leffler-Marquardt,Energy,744921,United States,NY,Port Washington,11054,98535 Sunfield Avenue
"Buckridge, Pfeffer and Wehner",n/a,928248,United States,WV,Charleston,25326,11 Katie Center
Smith LLC,Finance,493416,United States,AL,Birmingham,35290,0131 Springs Way
Jakubowski Inc,Health Care,834174,United States,AL,Montgomery,36125,4 Lukken Drive
"Jacobi, Stehr and Wintheiser",Public Utilities,340137,United States,IL,Chicago,60697,4 Coleman Crossing
Sipes Group,Technology,141139,United States,KS,Shawnee Mission,66286,0 Kim Parkway
Schowalter-Satterfield,Consumer Services,660437,United States,MI,Midland,48670,619 Annamark Court
"McClure, Bergnaum and Hilll",Capital Goods,45125,United States,PA,Philadelphia,19178,4 Steensland Center
"Nader, Moore and Denesik",Energy,456476,United States,PA,Wilkes Barre,18706,6 Havey Point
"Kub, Marks and Collier",Health Care,904059,United States,CA,Sacramento,95828,211 Blaine Circle
Morar LLC,Capital Goods,104814,United States,MI,Lansing,48919,7 Schmedeman Center
Bashirian LLC,Transportation,680523,United States,TX,Lubbock,79491,2 Sutteridge Trail
Reichel-Schoen,n/a,306576,United States,NC,Charlotte,28247,66519 Emmet Hill
"Langworth, Rodriguez and Welch",Finance,14759,United States,AZ,Phoenix,85005,3418 Mandrake Way
Wehner Inc,Health Care,604970,United States,TX,Wichita Falls,76305,32 Marquette Hill
"Dibbert, McDermott and Heller",Finance,784675,United States,FL,Tampa,33610,94 Marquette Road
Bayer-Deckow,Public Utilities,937291,United States,PA,Bethlehem,18018,7552 Bunting Trail
Medhurst and Sons,Finance,338808,United States,CA,Burbank,91505,9001 Grasskamp Circle
"Braun, Emmerich and Ledner",Energy,983374,United States,VA,Virginia Beach,23471,8600 Kennedy Place
"Bradtke, Koelpin and Ullrich",Transportation,488054,United States,NY,Bronx,10474,5428 Spenser Junction
Zemlak LLC,Health Care,69457,United States,PA,Pittsburgh,15286,9 Northwestern Trail
"Breitenberg, Hartmann and Weimann",n/a,365426,United States,NY,Brooklyn,11210,8 Michigan Place
Stokes and Sons,Public Utilities,47434,United States,TX,Houston,77288,9142 Tennyson Pass
Moore-Denesik,n/a,100919,United States,CA,Los Angeles,90005,28 Hoffman Way
Brekke-Bernhard,n/a,300664,United States,NC,Charlotte,28278,3 Towne Center
"Rau, Kris and Durgan",n/a,843846,United States,CA,Huntington Beach,92648,37252 Toban Street
Pagac Group,Public Utilities,429250,United States,AZ,Tucson,85743,12 Transport Park
Larkin Group,Health Care,767467,United States,CA,Bakersfield,93386,48 Hoepker Plaza
Kris-Wiegand,Technology,881241,United States,CA,Huntington Beach,92648,26 Mesta Court
Anderson LLC,Consumer Non-Durables,496639,United States,TN,Nashville,37205,0 Jackson Terrace
Kunze-Dare,Health Care,709858,United States,FL,Bonita Springs,34135,1 Trailsway Junction
Cormier Inc,Consumer Services,868629,United States,PA,Philadelphia,19141,643 Anhalt Road
"Spinka, Rempel and Kuvalis",Public Utilities,8846,United States,VA,Herndon,22070,44 Heath Plaza
Deckow LLC,Capital Goods,291780,United States,NV,Carson City,89714,68818 Village Road
"Emmerich, Ryan and Gottlieb",Technology,76608,United States,MN,Minneapolis,55441,6245 Dryden Crossing
Schumm-Goyette,n/a,362856,United States,HI,Honolulu,96850,09 Grim Center
Torphy-Haley,Public Utilities,606057,United States,LA,Monroe,71213,231 Mockingbird Pass
Trantow-Schroeder,Health Care,226596,United States,CA,Pasadena,91125,0 6th Street
"Konopelski, Kuhn and Graham",Consumer Non-Durables,936219,United States,CA,Modesto,95354,66 Carpenter Hill
"Osinski, McDermott and Kuhic",Consumer Services,670850,United States,VA,Sterling,20167,56 Vahlen Point
"Stroman, Swaniawski and Wilkinson",Basic Industries,593732,United States,FL,Bonita Springs,34135,4 Fuller Way
"O'Connell, Bergstrom and Gutmann",Energy,484581,United States,TX,Conroe,77305,55 Summerview Parkway
Altenwerth-Kassulke,Public Utilities,820938,United States,GA,Columbus,31998,63 Golf View Place
Bahringer-Johnson,Consumer Non-Durables,296505,United States,AL,Birmingham,35263,71 Center Place
"Williamson, Gleason and Lockman",n/a,250305,United States,KS,Shawnee Mission,66286,9624 Basil Street
Rohan Inc,Technology,585830,United States,CA,Stockton,95205,41 Butternut Park
Jast LLC,Basic Industries,464619,United States,DC,Washington,20397,036 Dahle Hill
"Flatley, Jast and O'Reilly",Finance,937111,United States,OK,Oklahoma City,73179,73962 Anderson Lane
Gottlieb LLC,Consumer Services,963416,United States,MN,Rochester,55905,8 Trailsway Plaza
Nicolas Group,Capital Goods,362357,United States,UT,Ogden,84409,7 American Hill
Dietrich-Howell,Consumer Services,32221,United States,IA,Des Moines,50310,60 Bultman Park
Lehner-Mertz,Miscellaneous,662404,United States,MO,Saint Louis,63110,94087 Killdeer Court
"Waelchi, Ebert and Abshire",n/a,126832,United States,CO,Denver,80228,1760 Haas Alley
"Turcotte, Schumm and Cassin",Basic Industries,430051,United States,AL,Montgomery,36134,95760 Dwight Place
Buckridge-Mertz,Finance,213020,United States,MD,Hagerstown,21747,988 Bartelt Terrace
"Mills, Pfeffer and Rutherford",Technology,751039,United States,IL,Chicago,60614,33 Melody Trail
"Runolfsdottir, Rippin and Gutmann",Consumer Services,829074,United States,WV,Charleston,25326,4970 Sunnyside Pass
"Kovacek, Kshlerin and Reichert",Health Care,484861,United States,LA,New Orleans,70174,43667 Northridge Drive
Morissette-Walsh,Consumer Durables,230874,United States,FL,Delray Beach,33448,98 Birchwood Court
Dicki-Wehner,Consumer Services,383923,United States,TX,Houston,77050,11208 Sundown Plaza
D'Amore-Berge,Finance,655376,United States,TX,San Antonio,78215,99 Sunbrook Drive
Carter-Rath,n/a,666170,United States,TX,El Paso,88574,2 Pond Park
Lehner and Sons,Finance,890904,United States,IL,Springfield,62764,70262 Oneill Hill
Weimann and Sons,Technology,906138,United States,IN,Evansville,47705,9 Rigney Point
Cremin-Murazik,Public Utilities,935397,United States,MD,Baltimore,21203,86 Karstens Crossing
"Gulgowski, Heathcote and Kiehn",Consumer Services,366346,United States,MT,Bozeman,59771,602 Delaware Drive
"Wuckert, Marquardt and Heidenreich",n/a,785282,United States,NJ,New Brunswick,08922,621 Daystar Alley
Russel Group,Miscellaneous,893629,United States,TX,Houston,77065,04771 Brickson Park Trail
MacGyver-Crist,Finance,733004,United States,IN,Fort Wayne,46805,27 6th Parkway
Wisozk and Sons,Technology,250052,United States,VA,Alexandria,22309,519 Waubesa Pass
"Auer, Osinski and Considine",Finance,238255,United States,CA,Orange,92668,8 Hansons Park
"Pfeffer, Bartell and Watsica",Consumer Services,945291,United States,AZ,Scottsdale,85271,792 Steensland Trail
Cartwright LLC,Transportation,940148,United States,TX,Austin,78744,109 Darwin Circle
Kautzer-Okuneva,Technology,655195,United States,VA,Alexandria,22301,37089 Walton Junction
Prosacco and Sons,n/a,420772,United States,TN,Knoxville,37931,7 Spenser Avenue
"Hand, Spencer and Beahan",n/a,272142,United States,NY,New York City,10110,5692 Becker Trail
Bartoletti-O'Kon,n/a,471361,United States,HI,Honolulu,96815,6 Eagan Drive
Kovacek-Parker,Consumer Services,721398,United States,AZ,Mesa,85210,0 Scoville Center
Walter-Hagenes,Finance,800411,United States,CT,Hartford,06160,77790 Eagle Crest Point
Carter-Abbott,Technology,119443,United States,RI,Providence,02912,1 Beilfuss Point
Cummerata-Bauch,Health Care,979890,United States,CA,Lancaster,93584,153 Glacier Hill Terrace
Bartell-Harvey,Consumer Services,32017,United States,CA,Los Angeles,90081,59 Dixon Terrace
Weissnat-Mayer,Basic Industries,907091,United States,WA,Tacoma,98442,83 Autumn Leaf Street
"Klocko, Reinger and Hintz",Basic Industries,640433,United States,LA,Lake Charles,70616,2 Schlimgen Terrace
Collier and Sons,Technology,311087,United States,CA,Los Angeles,90065,373 Iowa Way
Pfeffer-Emard,n/a,444709,United States,GA,Atlanta,30368,297 Kings Lane
McDermott-Considine,Technology,868394,United States,MN,Minneapolis,55417,2 Bluejay Lane
Simonis-Hackett,n/a,78839,United States,MO,Kansas City,64179,926 Donald Terrace
Beier-Fadel,Health Care,974256,United States,FL,Fort Lauderdale,33320,888 Dexter Place
"Gutkowski, Schmidt and Dickens",Consumer Services,696023,United States,MO,Saint Louis,63143,2859 Garrison Avenue
Bernhard and Sons,Energy,485501,United States,MA,Boston,02298,75 Vahlen Crossing
"Kautzer, Grimes and Franecki",n/a,425828,United States,AZ,Phoenix,85035,343 Sommers Trail
Abbott-Swaniawski,Technology,500058,United States,AL,Montgomery,36104,0059 Kipling Hill
"Breitenberg, Borer and Kozey",Consumer Durables,802025,United States,CO,Denver,80235,7 Eagle Crest Way
Russel Group,Finance,581487,United States,CA,Sacramento,94263,5 Kinsman Alley
"Rau, Breitenberg and Smith",Technology,484807,United States,AL,Montgomery,36125,31705 Carioca Road
Kling-Gleichner,Public Utilities,987916,United States,FL,Fort Lauderdale,33305,742 Heffernan Alley
Mosciski-Kohler,n/a,233919,United States,PA,Philadelphia,19191,770 Springview Trail
Kerluke and Sons,Public Utilities,692273,United States,NY,Jamaica,11431,16 Blackbird Circle
"Erdman, Dare and Balistreri",Consumer Services,202772,United States,NE,Omaha,68134,9 Onsgard Road
"Nienow, Kirlin and Ritchie",Technology,33212,United States,AK,Fairbanks,99709,4 Fairview Place
"Cremin, Hudson and Okuneva",Consumer Services,371874,United States,TX,Houston,77035,86091 Vernon Junction
Hartmann-Monahan,Finance,450580,United States,TX,Dallas,75236,05882 Manley Parkway
"Grimes, Ullrich and Trantow",Energy,88914,United States,PA,Philadelphia,19104,91197 Melrose Place
"O'Conner, Hermiston and Schinner",Consumer Services,223721,United States,MI,Detroit,48211,591 Crest Line Hill
Bode LLC,Energy,67313,United States,OH,Akron,44329,689 Superior Way
"Glover, Hagenes and Casper",Health Care,348221,United States,OR,Portland,97240,0 Toban Parkway
Bartell-Jacobi,Consumer Services,113528,United States,NY,Brooklyn,11236,20173 Mayfield Drive
Auer-Krajcik,n/a,587324,United States,SC,Aiken,29805,71 Rowland Drive
Jacobson-Runte,Consumer Durables,86139,United States,NY,New York City,10175,72353 High Crossing Avenue
"Fritsch, Ferry and Bernier",n/a,308219,United States,MI,Grand Rapids,49544,8 Scott Alley
Friesen-Ward,n/a,493069,United States,AK,Juneau,99812,08 Coleman Hill
Kunde-Heathcote,Health Care,692794,United States,IN,Indianapolis,46254,889 Mccormick Parkway
Runolfsdottir Inc,Consumer Services,385309,United States,TX,El Paso,79934,92488 Anhalt Drive
Douglas-Nader,n/a,590008,United States,AZ,Phoenix,85040,45 Eagle Crest Trail
Fadel-Jast,Finance,475246,United States,CA,Pasadena,91125,45380 David Avenue
Wuckert-Cummings,Health Care,249358,United States,DC,Washington,20099,1253 Delladonna Junction
Bernier-McLaughlin,n/a,17000,United States,CA,San Francisco,94121,03 Lien Point
O'Connell-Toy,Finance,436374,United States,PA,Erie,16550,9855 Delaware Avenue
"Langosh, Predovic and Bailey",Technology,386566,United States,NY,New York City,10125,10 Heffernan Crossing
"Nikolaus, Hammes and Hahn",Health Care,465842,United States,CA,Sunnyvale,94089,1506 Pennsylvania Center
Bogan LLC,Capital Goods,455434,United States,IL,Springfield,62711,3439 Green Ridge Plaza
Marvin-Goodwin,Consumer Services,390242,United States,TX,El Paso,79955,9264 3rd Place
Watsica Inc,Technology,503229,United States,LA,Baton Rouge,70810,7 Forest Dale Drive
"Runte, O'Conner and Hodkiewicz",Finance,302372,United States,CA,Fresno,93704,5 Hoard Trail
Littel LLC,Health Care,652604,United States,TX,Amarillo,79105,4549 Mesta Way
Jakubowski-Dibbert,Health Care,254633,United States,TX,El Paso,88558,54391 Havey Point
"D'Amore, Abernathy and Cruickshank",Technology,454079,United States,OH,Columbus,43210,500 Crescent Oaks Circle
Jacobi-Flatley,Public Utilities,656540,United States,TN,Memphis,38143,0 Briar Crest Point
"Kessler, Olson and Koelpin",Capital Goods,727274,United States,CA,Chico,95973,1 Fairfield Center
"Legros, McLaughlin and Reilly",Consumer Services,589174,United States,MN,Rochester,55905,23068 Sauthoff Way
"Rempel, Heller and Hackett",Consumer Services,892108,United States,DC,Washington,20310,1 Talmadge Lane
Moen Group,Health Care,257724,United States,MA,Worcester,01605,864 Mallory Pass
Reilly-Hyatt,Technology,479024,United States,ID,Boise,83722,6 4th Plaza
Dibbert and Sons,Basic Industries,370136,United States,OK,Tulsa,74116,63137 Michigan Place
Leuschke Group,Consumer Services,817259,United States,CA,Sacramento,94257,86549 Susan Plaza
Lang Inc,n/a,104798,United States,FL,Tallahassee,32399,36774 Blue Bill Park Court
Sporer-Adams,Health Care,977762,United States,DC,Washington,20540,72 Clove Street
Reilly Inc,Public Utilities,21369,United States,TX,El Paso,79916,4 Shelley Avenue
Halvorson and Sons,Consumer Services,590160,United States,NJ,Trenton,08695,82749 Leroy Hill
"Heathcote, Walter and Borer",Energy,343612,United States,TN,Memphis,38131,5706 Drewry Alley
Farrell LLC,n/a,861278,United States,MA,Cambridge,02142,6 8th Pass
Mante-Hermann,Consumer Services,503806,United States,MD,Rockville,20851,42556 Ridgeway Alley
Shields Group,Finance,664093,United States,CA,San Francisco,94169,886 Bartelt Road
"Bruen, Weissnat and Dooley",Consumer Non-Durables,899395,United States,OH,Cincinnati,45223,71 Clemons Junction
Hammes-Rau,Basic Industries,450726,United States,TX,Dallas,75392,49880 Transport Place
Strosin LLC,Consumer Services,64761,United States,IA,Des Moines,50330,64725 Fair Oaks Way
Jaskolski-Wiza,Consumer Durables,731950,United States,MD,Silver Spring,20904,6212 West Trail
Ritchie and Sons,Transportation,361603,United States,DC,Washington,20041,53 Dennis Drive
"Larson, Huels and O'Conner",n/a,905862,United States,GA,Athens,30610,9 Forster Alley
"Ledner, Batz and Nolan",Consumer Services,255065,United States,PA,Philadelphia,19136,1302 Mesta Crossing
Kertzmann LLC,Public Utilities,151207,United States,FL,Fort Lauderdale,33310,5 Melody Court
"Kshlerin, Romaguera and Kohler",Consumer Services,211011,United States,OR,Portland,97201,58306 Pond Way
McKenzie-Oberbrunner,Public Utilities,338657,United States,CA,Fresno,93726,4919 Riverside Park
Mann LLC,n/a,911020,United States,NV,Reno,89519,6 Spaight Terrace
"Murazik, Nikolaus and Murray",Finance,841328,United States,NC,Durham,27710,42 4th Crossing
"Morissette, Klein and Rosenbaum",n/a,511734,United States,IL,Chicago,60669,75 Annamark Drive
"Parisian, Deckow and Cole",n/a,333049,United States,KS,Topeka,66622,115 Marquette Trail
"Flatley, Harber and Wyman",n/a,747501,United States,CA,Sacramento,95828,8 Hoepker Way
Hoeger LLC,Finance,785957,United States,TN,Memphis,38197,53 Hoepker Plaza
Wyman-Hane,Technology,632399,United States,NV,Las Vegas,89166,52 Waubesa Park
"Parker, Schuppe and Hessel",Basic Industries,702948,United States,IA,Des Moines,50315,1 Hovde Court
Becker Inc,Health Care,906803,United States,FL,Miami,33180,529 Sage Crossing
Kirlin-Price,Technology,320208,United States,AL,Birmingham,35231,7 Calypso Alley
Kihn and Sons,Energy,740603,United States,KS,Topeka,66642,18 Di Loreto Park
Ankunding-Mohr,n/a,18862,United States,TX,Austin,78744,68400 American Terrace
Beier-Daniel,Miscellaneous,8252,United States,FL,Fort Myers,33913,202 Packers Plaza
Cummings-Bednar,Capital Goods,373712,United States,AZ,Phoenix,85015,97901 Lakewood Gardens Place
"Friesen, Hauck and Weissnat",Consumer Non-Durables,949739,United States,PA,Reading,19605,673 Bellgrove Way
Carroll and Sons,Finance,187868,United States,LA,New Orleans,70149,5721 Old Gate Circle
Heidenreich-Lueilwitz,Miscellaneous,510761,United States,NV,Las Vegas,89130,52 Brown Pass
"Jakubowski, Greenfelder and Mitchell",Technology,548133,United States,MN,Saint Paul,55103,92 Buell Place
Morar Group,Capital Goods,815692,United States,CT,Norwalk,06854,924 Becker Hill
Green Inc,Consumer Services,515178,United States,NY,Albany,12205,6 Namekagon Circle
Kirlin Group,Finance,19200,United States,CT,Norwalk,06854,3 Marquette Center
Kozey LLC,Finance,521495,United States,CA,Huntington Beach,92648,5726 Hanson Point
"Gislason, Brekke and Dooley",n/a,171810,United States,VA,Dulles,20189,55 School Place
Lind and Sons,Consumer Services,545416,United States,WA,Lakewood,98498,07 Havey Way
"Blanda, Goodwin and Zboncak",Consumer Services,607198,United States,TX,Laredo,78044,94683 Hauk Circle
"Feil, Flatley and Nitzsche",Health Care,194023,United States,OK,Oklahoma City,73119,520 Nancy Crossing
Schmeler-Considine,Health Care,887464,United States,TX,El Paso,79934,21 Hermina Lane
Jacobson Group,Health Care,718915,United States,VA,Roanoke,24004,27849 Dayton Road
Russel Group,n/a,652236,United States,TX,Amarillo,79116,1 Service Road
"Hagenes, Hills and Marvin",Consumer Non-Durables,276129,United States,CT,New Haven,06510,24630 Lawn Pass
"Herman, Hammes and Howe",Health Care,671222,United States,CA,Sacramento,95838,49000 Stephen Point
Murray-Green,Finance,271565,United States,MI,Detroit,48206,04734 Bartillon Crossing
Schuster Inc,Health Care,917409,United States,PA,Pittsburgh,15250,54 Surrey Drive
"Parisian, Lockman and Kiehn",Technology,127143,United States,TX,Dallas,75226,23034 South Terrace
"Hagenes, Orn and Schmidt",Finance,565606,United States,MO,Saint Louis,63110,5 Fisk Trail
"Hirthe, Luettgen and Oberbrunner",Finance,302156,United States,IL,Chicago,60641,0770 Nancy Park
Fahey-Schimmel,Health Care,281319,United States,MD,Laurel,20709,5 Bunting Point
"Leuschke, Schoen and Nitzsche",Finance,862132,United States,OH,Toledo,43610,254 Crescent Oaks Plaza
Reilly-Kunze,n/a,816361,United States,DC,Washington,20231,7 Crowley Street
Trantow-Kutch,Finance,577155,United States,CA,San Jose,95113,79 Paget Drive
"Emard, Russel and Rippin",Technology,82383,United States,TX,El Paso,79911,28 Sunbrook Terrace
"Johnston, Kemmer and MacGyver",Transportation,339830,United States,TN,Memphis,38126,4796 Glendale Hill
"Hermiston, Wuckert and Goldner",n/a,605590,United States,WV,Huntington,25716,25 Texas Drive
"Cole, Daugherty and Wisozk",n/a,240472,United States,WA,Kent,98042,9 Lawn Park
Adams LLC,n/a,496796,United States,GA,Savannah,31422,61002 Anzinger Plaza
"Veum, Fritsch and Kiehn",Finance,978722,United States,FL,Miami,33245,94 Reindahl Circle
Witting Inc,Consumer Non-Durables,990140,United States,DC,Washington,20036,1631 Linden Pass
Mueller-Gerhold,Finance,839952,United States,GA,Macon,31205,5 Hazelcrest Parkway
"Flatley, Gutkowski and Von",Capital Goods,247620,United States,MA,Boston,02203,8 Barby Alley
Gleason-Fay,Health Care,386837,United States,AZ,Glendale,85305,44404 Londonderry Way
Pagac and Sons,Consumer Non-Durables,243339,United States,TN,Jackson,38308,622 Pankratz Lane
Corwin Inc,Consumer Services,167636,United States,AL,Huntsville,35895,5278 Old Gate Plaza
Koss and Sons,Consumer Durables,119985,United States,CA,Santa Monica,90410,5976 Old Shore Way
"Simonis, Wisoky and Tremblay",Basic Industries,593677,United States,NY,New York City,10024,61877 Randy Road
Hudson Inc,Energy,643437,United States,CA,Ventura,93005,9 Dakota Road
Hermann-Kessler,Energy,820487,United States,MI,Detroit,48295,38073 Hallows Parkway
D'Amore-Stracke,Finance,12527,United States,TX,Houston,77050,4251 Evergreen Road
Bins Group,Health Care,293685,United States,NY,New York City,10160,2 Merry Terrace
"Mills, Cronin and MacGyver",Finance,744205,United States,AK,Anchorage,99517,671 Thierer Court
"Greenfelder, Quitzon and Homenick",Technology,622933,United States,CA,Santa Rosa,95405,53907 Vermont Center
Greenholt-Gottlieb,Health Care,101487,United States,GA,Atlanta,30392,51040 Evergreen Parkway
Luettgen-Price,Health Care,299544,United States,IN,Gary,46406,6319 New Castle Hill
Jacobi-Jones,Technology,104154,United States,NY,Syracuse,13205,9 Hovde Street
Quigley and Sons,n/a,913127,United States,TX,El Paso,88569,25 Declaration Crossing
Howe-Stracke,Finance,910247,United States,DE,Wilmington,19805,3 Gateway Trail
Olson LLC,Finance,500585,United States,TX,San Antonio,78250,076 Trailsway Junction
"Moen, Jacobs and Herzog",n/a,409996,United States,NC,Charlotte,28210,6 Sage Road
Schneider Group,Health Care,496657,United States,MO,Columbia,65211,22961 Parkside Drive
"White, O'Conner and Hauck",n/a,691363,United States,CO,Aurora,80015,3163 Brentwood Terrace
Jenkins-Stehr,Health Care,424421,United States,IL,Peoria,61614,2840 Luster Circle
"Berge, Larson and Langosh",Public Utilities,645094,United States,KS,Topeka,66611,20826 Pankratz Center
"Jenkins, Cronin and Stroman",Transportation,316562,United States,NV,Las Vegas,89193,52978 Lakeland Parkway
"Larkin, Hudson and Hintz",Public Utilities,828199,United States,NY,New York City,10150,4185 Cottonwood Lane
Rempel-Romaguera,Transportation,453501,United States,MA,Lynn,01905,335 Mendota Place
Bins-Shanahan,Technology,964594,United States,IL,Carol Stream,60351,2 Almo Point
Collins-Franecki,Technology,926073,United States,NY,Syracuse,13251,8246 Forest Run Junction
"Wehner, Gorczany and Nitzsche",Finance,370030,United States,CA,San Mateo,94405,13480 Bonner Plaza
Volkman LLC,Finance,181866,United States,PA,Philadelphia,19141,07 Monterey Court
Funk LLC,n/a,790902,United States,FL,Fort Pierce,34981,4 Havey Circle
Kuphal-Hoeger,Finance,137822,United States,GA,Atlanta,30351,87 Cottonwood Lane
"Ratke, Dickens and Carroll",n/a,30851,United States,GA,Atlanta,31119,34781 Eggendart Center
Hettinger-Upton,Consumer Durables,515521,United States,MO,Kansas City,64101,336 Bonner Plaza
Renner-Donnelly,Finance,524691,United States,KS,Wichita,67205,188 Sutherland Park
"Bednar, Stamm and Bergstrom",Health Care,11078,United States,CA,Fresno,93750,953 Oriole Street
Rau-Wisozk,Finance,374256,United States,CO,Fort Collins,80525,5 Becker Plaza
Terry and Sons,n/a,310503,United States,IL,Chicago,60674,1 Helena Hill
Strosin Inc,n/a,959198,United States,CA,San Bernardino,92424,74234 Oakridge Circle
Quitzon LLC,n/a,991208,United States,IA,Des Moines,50347,5688 Calypso Place
Hauck LLC,Health Care,571307,United States,WA,Seattle,98185,25 Loftsgordon Way
Kunze-Lubowitz,Health Care,593670,United States,GA,Atlanta,30380,56 Linden Alley
Borer-Cummerata,Consumer Services,166976,United States,CA,Irvine,92619,4 Jana Place
Koepp-Hodkiewicz,Consumer Services,382993,United States,WA,Seattle,98127,5 2nd Junction
